INSERT INTO NM.AUTHOR (ID,NAME) VALUES  (1,'875573157515991');
INSERT INTO NM.AUTHOR (ID,NAME) VALUES  (2,'400838542001043');
INSERT INTO NM.AUTHOR (ID,NAME) VALUES  (3,'149594177090063');
INSERT INTO NM.AUTHOR (ID,NAME) VALUES  (4,'339674285004036');
INSERT INTO NM.AUTHOR (ID,NAME) VALUES  (5,'552407985421934');
INSERT INTO NM.AUTHOR (ID,NAME) VALUES  (6,'503490547711822');
INSERT INTO NM.AUTHOR (ID,NAME) VALUES  (7,'076367612198277');
INSERT INTO NM.AUTHOR (ID,NAME) VALUES  (8,'956372909523662');
INSERT INTO NM.AUTHOR (ID,NAME) VALUES  (9,'088139927689088');
INSERT INTO NM.AUTHOR (ID,NAME) VALUES  (10,'188183265200056');
INSERT INTO NM.AUTHOR (ID,NAME) VALUES  (11,'574614320596082');
INSERT INTO NM.AUTHOR (ID,NAME) VALUES  (12,'430871527501129');
INSERT INTO NM.AUTHOR (ID,NAME) VALUES  (13,'585891720466742');
INSERT INTO NM.AUTHOR (ID,NAME) VALUES  (14,'867040204961096');
INSERT INTO NM.AUTHOR (ID,NAME) VALUES  (15,'854861134346467');
INSERT INTO NM.AUTHOR (ID,NAME) VALUES  (16,'961370974461021');
INSERT INTO NM.AUTHOR (ID,NAME) VALUES  (17,'012832318238516');
INSERT INTO NM.AUTHOR (ID,NAME) VALUES  (18,'625139531103365');
INSERT INTO NM.AUTHOR (ID,NAME) VALUES  (19,'239786586613639');
INSERT INTO NM.AUTHOR (ID,NAME) VALUES  (20,'504890802610707');
INSERT INTO NM.AUTHOR (ID,NAME) VALUES  (21,'650841880305619');
INSERT INTO NM.AUTHOR (ID,NAME) VALUES  (22,'322356387511323');
INSERT INTO NM.AUTHOR (ID,NAME) VALUES  (23,'069702658299584');
INSERT INTO NM.AUTHOR (ID,NAME) VALUES  (24,'761623557606164');
INSERT INTO NM.AUTHOR (ID,NAME) VALUES  (25,'876883343305242');
INSERT INTO NM.AUTHOR (ID,NAME) VALUES  (26,'843364890257844');
INSERT INTO NM.AUTHOR (ID,NAME) VALUES  (27,'897198753508161');
INSERT INTO NM.AUTHOR (ID,NAME) VALUES  (28,'299685124122072');
INSERT INTO NM.AUTHOR (ID,NAME) VALUES  (29,'174276843055059');
INSERT INTO NM.AUTHOR (ID,NAME) VALUES  (30,'189197997317900');
INSERT INTO NM.AUTHOR (ID,NAME) VALUES  (31,'628043639154261');
INSERT INTO NM.AUTHOR (ID,NAME) VALUES  (32,'802221962567517');
INSERT INTO NM.AUTHOR (ID,NAME) VALUES  (33,'487659013957057');
INSERT INTO NM.AUTHOR (ID,NAME) VALUES  (34,'187755351747802');
INSERT INTO NM.AUTHOR (ID,NAME) VALUES  (35,'985936655616173');
INSERT INTO NM.AUTHOR (ID,NAME) VALUES  (36,'070182908365132');
INSERT INTO NM.AUTHOR (ID,NAME) VALUES  (37,'400631553679743');
INSERT INTO NM.AUTHOR (ID,NAME) VALUES  (38,'703289674467023');
INSERT INTO NM.AUTHOR (ID,NAME) VALUES  (39,'442106927147745');
INSERT INTO NM.AUTHOR (ID,NAME) VALUES  (40,'432745174579900');
INSERT INTO NM.AUTHOR (ID,NAME) VALUES  (41,'445884142677559');
INSERT INTO NM.AUTHOR (ID,NAME) VALUES  (42,'425363047368697');
INSERT INTO NM.AUTHOR (ID,NAME) VALUES  (43,'059308507468348');
INSERT INTO NM.AUTHOR (ID,NAME) VALUES  (44,'328048369658417');
INSERT INTO NM.AUTHOR (ID,NAME) VALUES  (45,'233770910497808');
INSERT INTO NM.AUTHOR (ID,NAME) VALUES  (46,'635209205119585');
INSERT INTO NM.AUTHOR (ID,NAME) VALUES  (47,'174528614230213');
INSERT INTO NM.AUTHOR (ID,NAME) VALUES  (48,'612438707317067');
INSERT INTO NM.AUTHOR (ID,NAME) VALUES  (49,'810898078747138');
INSERT INTO NM.AUTHOR (ID,NAME) VALUES  (50,'502673806021197');
INSERT INTO NM.AUTHOR (ID,NAME) VALUES  (51,'949829049526877');
INSERT INTO NM.AUTHOR (ID,NAME) VALUES  (52,'501648159433304');
INSERT INTO NM.AUTHOR (ID,NAME) VALUES  (53,'799829533573902');
INSERT INTO NM.AUTHOR (ID,NAME) VALUES  (54,'835315724358127');
INSERT INTO NM.AUTHOR (ID,NAME) VALUES  (55,'449321570280253');
INSERT INTO NM.AUTHOR (ID,NAME) VALUES  (56,'931485983982007');
INSERT INTO NM.AUTHOR (ID,NAME) VALUES  (57,'941154180291353');
INSERT INTO NM.AUTHOR (ID,NAME) VALUES  (58,'285138439608958');
INSERT INTO NM.AUTHOR (ID,NAME) VALUES  (59,'497201193366370');
INSERT INTO NM.AUTHOR (ID,NAME) VALUES  (60,'375580856793266');
INSERT INTO NM.AUTHOR (ID,NAME) VALUES  (61,'007669644641936');
INSERT INTO NM.AUTHOR (ID,NAME) VALUES  (62,'367015942178130');
INSERT INTO NM.AUTHOR (ID,NAME) VALUES  (63,'627854872860728');
INSERT INTO NM.AUTHOR (ID,NAME) VALUES  (64,'890362350990372');
INSERT INTO NM.AUTHOR (ID,NAME) VALUES  (65,'134652055081591');
INSERT INTO NM.AUTHOR (ID,NAME) VALUES  (66,'461971325227502');
INSERT INTO NM.AUTHOR (ID,NAME) VALUES  (67,'061143766713299');
INSERT INTO NM.AUTHOR (ID,NAME) VALUES  (68,'044040763348875');
INSERT INTO NM.AUTHOR (ID,NAME) VALUES  (69,'233539563348578');
INSERT INTO NM.AUTHOR (ID,NAME) VALUES  (70,'670569658818378');
INSERT INTO NM.AUTHOR (ID,NAME) VALUES  (71,'112422214850518');
INSERT INTO NM.AUTHOR (ID,NAME) VALUES  (72,'252828019297924');
INSERT INTO NM.AUTHOR (ID,NAME) VALUES  (73,'144599431364255');
INSERT INTO NM.AUTHOR (ID,NAME) VALUES  (74,'843517744416037');
INSERT INTO NM.AUTHOR (ID,NAME) VALUES  (75,'902088085211916');
INSERT INTO NM.AUTHOR (ID,NAME) VALUES  (76,'149899636960161');
INSERT INTO NM.AUTHOR (ID,NAME) VALUES  (77,'170280836285392');
INSERT INTO NM.AUTHOR (ID,NAME) VALUES  (78,'177536837497841');
INSERT INTO NM.AUTHOR (ID,NAME) VALUES  (79,'467037938113722');
INSERT INTO NM.AUTHOR (ID,NAME) VALUES  (80,'302560902286633');
INSERT INTO NM.AUTHOR (ID,NAME) VALUES  (81,'279599378086570');
INSERT INTO NM.AUTHOR (ID,NAME) VALUES  (82,'431703921665929');
INSERT INTO NM.AUTHOR (ID,NAME) VALUES  (83,'717371128799661');
INSERT INTO NM.AUTHOR (ID,NAME) VALUES  (84,'997736531124857');
INSERT INTO NM.AUTHOR (ID,NAME) VALUES  (85,'481081443224040');
INSERT INTO NM.AUTHOR (ID,NAME) VALUES  (86,'588981085767209');
INSERT INTO NM.AUTHOR (ID,NAME) VALUES  (87,'778835032092849');
INSERT INTO NM.AUTHOR (ID,NAME) VALUES  (88,'020459724081860');
INSERT INTO NM.AUTHOR (ID,NAME) VALUES  (89,'708447865896634');
INSERT INTO NM.AUTHOR (ID,NAME) VALUES  (90,'214225055183384');
INSERT INTO NM.AUTHOR (ID,NAME) VALUES  (91,'842177854021080');
INSERT INTO NM.AUTHOR (ID,NAME) VALUES  (92,'308409441858875');
INSERT INTO NM.AUTHOR (ID,NAME) VALUES  (93,'632725416354442');
INSERT INTO NM.AUTHOR (ID,NAME) VALUES  (94,'607054475070643');
INSERT INTO NM.AUTHOR (ID,NAME) VALUES  (95,'424781153655346');
INSERT INTO NM.AUTHOR (ID,NAME) VALUES  (96,'176648314467328');
INSERT INTO NM.AUTHOR (ID,NAME) VALUES  (97,'700750763079269');
INSERT INTO NM.AUTHOR (ID,NAME) VALUES  (98,'158830955120111');
INSERT INTO NM.AUTHOR (ID,NAME) VALUES  (99,'392272832153824');
INSERT INTO NM.AUTHOR (ID,NAME) VALUES  (100,'473646620967684');
INSERT INTO NM.AUTHOR (ID,NAME) VALUES  (101,'036383114287901');
INSERT INTO NM.AUTHOR (ID,NAME) VALUES  (102,'785226797922924');
INSERT INTO NM.AUTHOR (ID,NAME) VALUES  (103,'977038785346648');
INSERT INTO NM.AUTHOR (ID,NAME) VALUES  (104,'156540744925360');
INSERT INTO NM.AUTHOR (ID,NAME) VALUES  (105,'982390058960531');
INSERT INTO NM.AUTHOR (ID,NAME) VALUES  (106,'773294162913433');
INSERT INTO NM.AUTHOR (ID,NAME) VALUES  (107,'977474922585127');
INSERT INTO NM.AUTHOR (ID,NAME) VALUES  (108,'309563120351949');
INSERT INTO NM.AUTHOR (ID,NAME) VALUES  (109,'453118329866143');
INSERT INTO NM.AUTHOR (ID,NAME) VALUES  (110,'822109748458982');
INSERT INTO NM.AUTHOR (ID,NAME) VALUES  (111,'729985709161618');
INSERT INTO NM.AUTHOR (ID,NAME) VALUES  (112,'354538109485175');
INSERT INTO NM.AUTHOR (ID,NAME) VALUES  (113,'297753452126504');
INSERT INTO NM.AUTHOR (ID,NAME) VALUES  (114,'124899730999942');
INSERT INTO NM.AUTHOR (ID,NAME) VALUES  (115,'364568265986896');
INSERT INTO NM.AUTHOR (ID,NAME) VALUES  (116,'646074819816953');
INSERT INTO NM.AUTHOR (ID,NAME) VALUES  (117,'128448233488055');
INSERT INTO NM.AUTHOR (ID,NAME) VALUES  (118,'651809302771416');
INSERT INTO NM.AUTHOR (ID,NAME) VALUES  (119,'594418298358829');
INSERT INTO NM.AUTHOR (ID,NAME) VALUES  (120,'178198972103097');
INSERT INTO NM.AUTHOR (ID,NAME) VALUES  (121,'868235895112703');
INSERT INTO NM.AUTHOR (ID,NAME) VALUES  (122,'091052058401454');
INSERT INTO NM.AUTHOR (ID,NAME) VALUES  (123,'005452017260499');
INSERT INTO NM.AUTHOR (ID,NAME) VALUES  (124,'009725712028398');
INSERT INTO NM.AUTHOR (ID,NAME) VALUES  (125,'311235718151330');
INSERT INTO NM.AUTHOR (ID,NAME) VALUES  (126,'593262554346022');
INSERT INTO NM.AUTHOR (ID,NAME) VALUES  (127,'481225462820878');
INSERT INTO NM.AUTHOR (ID,NAME) VALUES  (128,'435439696900317');
INSERT INTO NM.AUTHOR (ID,NAME) VALUES  (129,'992904111948621');
INSERT INTO NM.AUTHOR (ID,NAME) VALUES  (130,'125328034257980');
INSERT INTO NM.AUTHOR (ID,NAME) VALUES  (131,'633984315470113');
INSERT INTO NM.AUTHOR (ID,NAME) VALUES  (132,'372847749068804');
INSERT INTO NM.AUTHOR (ID,NAME) VALUES  (133,'596542594187924');
INSERT INTO NM.AUTHOR (ID,NAME) VALUES  (134,'972767105492065');
INSERT INTO NM.AUTHOR (ID,NAME) VALUES  (135,'411249571309041');
INSERT INTO NM.AUTHOR (ID,NAME) VALUES  (136,'574957441079139');
INSERT INTO NM.AUTHOR (ID,NAME) VALUES  (137,'133160148864335');
INSERT INTO NM.AUTHOR (ID,NAME) VALUES  (138,'398052342693184');
INSERT INTO NM.AUTHOR (ID,NAME) VALUES  (139,'041838748190972');
INSERT INTO NM.AUTHOR (ID,NAME) VALUES  (140,'348561456864073');

INSERT INTO NM.COMMENTS (ID,COMMENTTEXT,CREATIONDATE,NEWSID) VALUES  (1,'766471977685276',to_timestamp('03-MAR-15 12.00.00.000000000 AM','DD-MON-RR HH.MI.SSXFF AM'),9);
INSERT INTO NM.COMMENTS (ID,COMMENTTEXT,CREATIONDATE,NEWSID) VALUES  (2,'204152275282096',to_timestamp('03-MAR-15 12.00.00.000000000 AM','DD-MON-RR HH.MI.SSXFF AM'),10);
INSERT INTO NM.COMMENTS (ID,COMMENTTEXT,CREATIONDATE,NEWSID) VALUES  (3,'436237275197283',to_timestamp('03-MAR-15 12.00.00.000000000 AM','DD-MON-RR HH.MI.SSXFF AM'),7);
INSERT INTO NM.COMMENTS (ID,COMMENTTEXT,CREATIONDATE,NEWSID) VALUES  (4,'177674453587260',to_timestamp('03-MAR-15 12.00.00.000000000 AM','DD-MON-RR HH.MI.SSXFF AM'),18);
INSERT INTO NM.COMMENTS (ID,COMMENTTEXT,CREATIONDATE,NEWSID) VALUES  (5,'567086437708068',to_timestamp('03-MAR-15 12.00.00.000000000 AM','DD-MON-RR HH.MI.SSXFF AM'),7);
INSERT INTO NM.COMMENTS (ID,COMMENTTEXT,CREATIONDATE,NEWSID) VALUES  (6,'817027448011814',to_timestamp('03-MAR-15 12.00.00.000000000 AM','DD-MON-RR HH.MI.SSXFF AM'),5);
INSERT INTO NM.COMMENTS (ID,COMMENTTEXT,CREATIONDATE,NEWSID) VALUES  (7,'988172495678494',to_timestamp('03-MAR-15 12.00.00.000000000 AM','DD-MON-RR HH.MI.SSXFF AM'),16);
INSERT INTO NM.COMMENTS (ID,COMMENTTEXT,CREATIONDATE,NEWSID) VALUES  (8,'133716715178836',to_timestamp('03-MAR-15 12.00.00.000000000 AM','DD-MON-RR HH.MI.SSXFF AM'),2);
INSERT INTO NM.COMMENTS (ID,COMMENTTEXT,CREATIONDATE,NEWSID) VALUES  (9,'156947834953272',to_timestamp('03-MAR-15 12.00.00.000000000 AM','DD-MON-RR HH.MI.SSXFF AM'),15);
INSERT INTO NM.COMMENTS (ID,COMMENTTEXT,CREATIONDATE,NEWSID) VALUES  (10,'981424622373676',to_timestamp('03-MAR-15 12.00.00.000000000 AM','DD-MON-RR HH.MI.SSXFF AM'),15);
INSERT INTO NM.COMMENTS (ID,COMMENTTEXT,CREATIONDATE,NEWSID) VALUES  (11,'926396542936621',to_timestamp('03-MAR-15 12.00.00.000000000 AM','DD-MON-RR HH.MI.SSXFF AM'),6);
INSERT INTO NM.COMMENTS (ID,COMMENTTEXT,CREATIONDATE,NEWSID) VALUES  (12,'603687601148537',to_timestamp('03-MAR-15 12.00.00.000000000 AM','DD-MON-RR HH.MI.SSXFF AM'),18);
INSERT INTO NM.COMMENTS (ID,COMMENTTEXT,CREATIONDATE,NEWSID) VALUES  (13,'377904367141514',to_timestamp('03-MAR-15 12.00.00.000000000 AM','DD-MON-RR HH.MI.SSXFF AM'),7);
INSERT INTO NM.COMMENTS (ID,COMMENTTEXT,CREATIONDATE,NEWSID) VALUES  (14,'896437649349966',to_timestamp('03-MAR-15 12.00.00.000000000 AM','DD-MON-RR HH.MI.SSXFF AM'),3);
INSERT INTO NM.COMMENTS (ID,COMMENTTEXT,CREATIONDATE,NEWSID) VALUES  (15,'038384463925857',to_timestamp('03-MAR-15 12.00.00.000000000 AM','DD-MON-RR HH.MI.SSXFF AM'),2);
INSERT INTO NM.COMMENTS (ID,COMMENTTEXT,CREATIONDATE,NEWSID) VALUES  (16,'043949466324902',to_timestamp('03-MAR-15 12.00.00.000000000 AM','DD-MON-RR HH.MI.SSXFF AM'),2);
INSERT INTO NM.COMMENTS (ID,COMMENTTEXT,CREATIONDATE,NEWSID) VALUES  (17,'884857640388860',to_timestamp('03-MAR-15 12.00.00.000000000 AM','DD-MON-RR HH.MI.SSXFF AM'),11);
INSERT INTO NM.COMMENTS (ID,COMMENTTEXT,CREATIONDATE,NEWSID) VALUES  (18,'611680963372406',to_timestamp('03-MAR-15 12.00.00.000000000 AM','DD-MON-RR HH.MI.SSXFF AM'),11);
INSERT INTO NM.COMMENTS (ID,COMMENTTEXT,CREATIONDATE,NEWSID) VALUES  (19,'200199496824079',to_timestamp('03-MAR-15 12.00.00.000000000 AM','DD-MON-RR HH.MI.SSXFF AM'),14);
INSERT INTO NM.COMMENTS (ID,COMMENTTEXT,CREATIONDATE,NEWSID) VALUES  (20,'015401991601305',to_timestamp('03-MAR-15 12.00.00.000000000 AM','DD-MON-RR HH.MI.SSXFF AM'),15);
INSERT INTO NM.COMMENTS (ID,COMMENTTEXT,CREATIONDATE,NEWSID) VALUES  (21,'447181499814827',to_timestamp('03-MAR-15 12.00.00.000000000 AM','DD-MON-RR HH.MI.SSXFF AM'),12);
INSERT INTO NM.COMMENTS (ID,COMMENTTEXT,CREATIONDATE,NEWSID) VALUES  (22,'688189190851497',to_timestamp('03-MAR-15 12.00.00.000000000 AM','DD-MON-RR HH.MI.SSXFF AM'),11);
INSERT INTO NM.COMMENTS (ID,COMMENTTEXT,CREATIONDATE,NEWSID) VALUES  (23,'152405745013689',to_timestamp('03-MAR-15 12.00.00.000000000 AM','DD-MON-RR HH.MI.SSXFF AM'),15);
INSERT INTO NM.COMMENTS (ID,COMMENTTEXT,CREATIONDATE,NEWSID) VALUES  (24,'239696879028830',to_timestamp('03-MAR-15 12.00.00.000000000 AM','DD-MON-RR HH.MI.SSXFF AM'),19);
INSERT INTO NM.COMMENTS (ID,COMMENTTEXT,CREATIONDATE,NEWSID) VALUES  (25,'734681138907318',to_timestamp('03-MAR-15 12.00.00.000000000 AM','DD-MON-RR HH.MI.SSXFF AM'),12);
INSERT INTO NM.COMMENTS (ID,COMMENTTEXT,CREATIONDATE,NEWSID) VALUES  (26,'213814846765268',to_timestamp('03-MAR-15 12.00.00.000000000 AM','DD-MON-RR HH.MI.SSXFF AM'),16);
INSERT INTO NM.COMMENTS (ID,COMMENTTEXT,CREATIONDATE,NEWSID) VALUES  (27,'979504034838112',to_timestamp('03-MAR-15 12.00.00.000000000 AM','DD-MON-RR HH.MI.SSXFF AM'),3);
INSERT INTO NM.COMMENTS (ID,COMMENTTEXT,CREATIONDATE,NEWSID) VALUES  (28,'807765487037491',to_timestamp('03-MAR-15 12.00.00.000000000 AM','DD-MON-RR HH.MI.SSXFF AM'),7);
INSERT INTO NM.COMMENTS (ID,COMMENTTEXT,CREATIONDATE,NEWSID) VALUES  (29,'279333641734985',to_timestamp('03-MAR-15 12.00.00.000000000 AM','DD-MON-RR HH.MI.SSXFF AM'),5);
INSERT INTO NM.COMMENTS (ID,COMMENTTEXT,CREATIONDATE,NEWSID) VALUES  (30,'388641268648181',to_timestamp('03-MAR-15 12.00.00.000000000 AM','DD-MON-RR HH.MI.SSXFF AM'),6);
INSERT INTO NM.COMMENTS (ID,COMMENTTEXT,CREATIONDATE,NEWSID) VALUES  (31,'339735249748753',to_timestamp('03-MAR-15 12.00.00.000000000 AM','DD-MON-RR HH.MI.SSXFF AM'),2);
INSERT INTO NM.COMMENTS (ID,COMMENTTEXT,CREATIONDATE,NEWSID) VALUES  (32,'336166638490686',to_timestamp('03-MAR-15 12.00.00.000000000 AM','DD-MON-RR HH.MI.SSXFF AM'),5);
INSERT INTO NM.COMMENTS (ID,COMMENTTEXT,CREATIONDATE,NEWSID) VALUES  (33,'176347409202388',to_timestamp('03-MAR-15 12.00.00.000000000 AM','DD-MON-RR HH.MI.SSXFF AM'),13);
INSERT INTO NM.COMMENTS (ID,COMMENTTEXT,CREATIONDATE,NEWSID) VALUES  (34,'316949146001667',to_timestamp('03-MAR-15 12.00.00.000000000 AM','DD-MON-RR HH.MI.SSXFF AM'),13);
INSERT INTO NM.COMMENTS (ID,COMMENTTEXT,CREATIONDATE,NEWSID) VALUES  (35,'080857961091609',to_timestamp('03-MAR-15 12.00.00.000000000 AM','DD-MON-RR HH.MI.SSXFF AM'),16);
INSERT INTO NM.COMMENTS (ID,COMMENTTEXT,CREATIONDATE,NEWSID) VALUES  (36,'767413652113781',to_timestamp('03-MAR-15 12.00.00.000000000 AM','DD-MON-RR HH.MI.SSXFF AM'),4);
INSERT INTO NM.COMMENTS (ID,COMMENTTEXT,CREATIONDATE,NEWSID) VALUES  (37,'582486557113549',to_timestamp('03-MAR-15 12.00.00.000000000 AM','DD-MON-RR HH.MI.SSXFF AM'),16);
INSERT INTO NM.COMMENTS (ID,COMMENTTEXT,CREATIONDATE,NEWSID) VALUES  (38,'918655937872029',to_timestamp('03-MAR-15 12.00.00.000000000 AM','DD-MON-RR HH.MI.SSXFF AM'),9);
INSERT INTO NM.COMMENTS (ID,COMMENTTEXT,CREATIONDATE,NEWSID) VALUES  (39,'581691937986625',to_timestamp('03-MAR-15 12.00.00.000000000 AM','DD-MON-RR HH.MI.SSXFF AM'),15);
INSERT INTO NM.COMMENTS (ID,COMMENTTEXT,CREATIONDATE,NEWSID) VALUES  (40,'146308090559826',to_timestamp('03-MAR-15 12.00.00.000000000 AM','DD-MON-RR HH.MI.SSXFF AM'),15);
INSERT INTO NM.COMMENTS (ID,COMMENTTEXT,CREATIONDATE,NEWSID) VALUES  (41,'661126276490600',to_timestamp('03-MAR-15 12.00.00.000000000 AM','DD-MON-RR HH.MI.SSXFF AM'),10);
INSERT INTO NM.COMMENTS (ID,COMMENTTEXT,CREATIONDATE,NEWSID) VALUES  (42,'591897990315463',to_timestamp('03-MAR-15 12.00.00.000000000 AM','DD-MON-RR HH.MI.SSXFF AM'),7);
INSERT INTO NM.COMMENTS (ID,COMMENTTEXT,CREATIONDATE,NEWSID) VALUES  (43,'901315024944987',to_timestamp('03-MAR-15 12.00.00.000000000 AM','DD-MON-RR HH.MI.SSXFF AM'),4);
INSERT INTO NM.COMMENTS (ID,COMMENTTEXT,CREATIONDATE,NEWSID) VALUES  (44,'630977747968524',to_timestamp('03-MAR-15 12.00.00.000000000 AM','DD-MON-RR HH.MI.SSXFF AM'),14);
INSERT INTO NM.COMMENTS (ID,COMMENTTEXT,CREATIONDATE,NEWSID) VALUES  (45,'050542592657018',to_timestamp('03-MAR-15 12.00.00.000000000 AM','DD-MON-RR HH.MI.SSXFF AM'),8);
INSERT INTO NM.COMMENTS (ID,COMMENTTEXT,CREATIONDATE,NEWSID) VALUES  (46,'332964295255034',to_timestamp('03-MAR-15 12.00.00.000000000 AM','DD-MON-RR HH.MI.SSXFF AM'),10);
INSERT INTO NM.COMMENTS (ID,COMMENTTEXT,CREATIONDATE,NEWSID) VALUES  (47,'528298360147291',to_timestamp('03-MAR-15 12.00.00.000000000 AM','DD-MON-RR HH.MI.SSXFF AM'),17);
INSERT INTO NM.COMMENTS (ID,COMMENTTEXT,CREATIONDATE,NEWSID) VALUES  (48,'808918959875982',to_timestamp('03-MAR-15 12.00.00.000000000 AM','DD-MON-RR HH.MI.SSXFF AM'),4);
INSERT INTO NM.COMMENTS (ID,COMMENTTEXT,CREATIONDATE,NEWSID) VALUES  (49,'788321383414281',to_timestamp('03-MAR-15 12.00.00.000000000 AM','DD-MON-RR HH.MI.SSXFF AM'),8);
INSERT INTO NM.COMMENTS (ID,COMMENTTEXT,CREATIONDATE,NEWSID) VALUES  (50,'040455928295527',to_timestamp('03-MAR-15 12.00.00.000000000 AM','DD-MON-RR HH.MI.SSXFF AM'),8);
INSERT INTO NM.COMMENTS (ID,COMMENTTEXT,CREATIONDATE,NEWSID) VALUES  (51,'817533347799102',to_timestamp('03-MAR-15 12.00.00.000000000 AM','DD-MON-RR HH.MI.SSXFF AM'),9);
INSERT INTO NM.COMMENTS (ID,COMMENTTEXT,CREATIONDATE,NEWSID) VALUES  (52,'709151730880653',to_timestamp('03-MAR-15 12.00.00.000000000 AM','DD-MON-RR HH.MI.SSXFF AM'),16);
INSERT INTO NM.COMMENTS (ID,COMMENTTEXT,CREATIONDATE,NEWSID) VALUES  (53,'448194237105023',to_timestamp('03-MAR-15 12.00.00.000000000 AM','DD-MON-RR HH.MI.SSXFF AM'),14);
INSERT INTO NM.COMMENTS (ID,COMMENTTEXT,CREATIONDATE,NEWSID) VALUES  (54,'708734533425390',to_timestamp('03-MAR-15 12.00.00.000000000 AM','DD-MON-RR HH.MI.SSXFF AM'),8);
INSERT INTO NM.COMMENTS (ID,COMMENTTEXT,CREATIONDATE,NEWSID) VALUES  (55,'823801403803630',to_timestamp('03-MAR-15 12.00.00.000000000 AM','DD-MON-RR HH.MI.SSXFF AM'),18);
INSERT INTO NM.COMMENTS (ID,COMMENTTEXT,CREATIONDATE,NEWSID) VALUES  (56,'712327791538281',to_timestamp('03-MAR-15 12.00.00.000000000 AM','DD-MON-RR HH.MI.SSXFF AM'),19);
INSERT INTO NM.COMMENTS (ID,COMMENTTEXT,CREATIONDATE,NEWSID) VALUES  (57,'445951211072802',to_timestamp('03-MAR-15 12.00.00.000000000 AM','DD-MON-RR HH.MI.SSXFF AM'),15);
INSERT INTO NM.COMMENTS (ID,COMMENTTEXT,CREATIONDATE,NEWSID) VALUES  (58,'052771697692306',to_timestamp('03-MAR-15 12.00.00.000000000 AM','DD-MON-RR HH.MI.SSXFF AM'),1);
INSERT INTO NM.COMMENTS (ID,COMMENTTEXT,CREATIONDATE,NEWSID) VALUES  (59,'309761007165556',to_timestamp('03-MAR-15 12.00.00.000000000 AM','DD-MON-RR HH.MI.SSXFF AM'),11);
INSERT INTO NM.COMMENTS (ID,COMMENTTEXT,CREATIONDATE,NEWSID) VALUES  (60,'894328301607333',to_timestamp('03-MAR-15 12.00.00.000000000 AM','DD-MON-RR HH.MI.SSXFF AM'),16);
INSERT INTO NM.COMMENTS (ID,COMMENTTEXT,CREATIONDATE,NEWSID) VALUES  (61,'947079854005365',to_timestamp('03-MAR-15 12.00.00.000000000 AM','DD-MON-RR HH.MI.SSXFF AM'),10);
INSERT INTO NM.COMMENTS (ID,COMMENTTEXT,CREATIONDATE,NEWSID) VALUES  (62,'366792324166921',to_timestamp('03-MAR-15 12.00.00.000000000 AM','DD-MON-RR HH.MI.SSXFF AM'),12);
INSERT INTO NM.COMMENTS (ID,COMMENTTEXT,CREATIONDATE,NEWSID) VALUES  (63,'366421856232639',to_timestamp('03-MAR-15 12.00.00.000000000 AM','DD-MON-RR HH.MI.SSXFF AM'),10);
INSERT INTO NM.COMMENTS (ID,COMMENTTEXT,CREATIONDATE,NEWSID) VALUES  (64,'911259784460860',to_timestamp('03-MAR-15 12.00.00.000000000 AM','DD-MON-RR HH.MI.SSXFF AM'),5);
INSERT INTO NM.COMMENTS (ID,COMMENTTEXT,CREATIONDATE,NEWSID) VALUES  (65,'905313260357547',to_timestamp('03-MAR-15 12.00.00.000000000 AM','DD-MON-RR HH.MI.SSXFF AM'),2);
INSERT INTO NM.COMMENTS (ID,COMMENTTEXT,CREATIONDATE,NEWSID) VALUES  (66,'490694472307502',to_timestamp('03-MAR-15 12.00.00.000000000 AM','DD-MON-RR HH.MI.SSXFF AM'),6);
INSERT INTO NM.COMMENTS (ID,COMMENTTEXT,CREATIONDATE,NEWSID) VALUES  (67,'112909424206844',to_timestamp('03-MAR-15 12.00.00.000000000 AM','DD-MON-RR HH.MI.SSXFF AM'),17);
INSERT INTO NM.COMMENTS (ID,COMMENTTEXT,CREATIONDATE,NEWSID) VALUES  (68,'129678635918407',to_timestamp('03-MAR-15 12.00.00.000000000 AM','DD-MON-RR HH.MI.SSXFF AM'),17);
INSERT INTO NM.COMMENTS (ID,COMMENTTEXT,CREATIONDATE,NEWSID) VALUES  (69,'011075510467056',to_timestamp('03-MAR-15 12.00.00.000000000 AM','DD-MON-RR HH.MI.SSXFF AM'),12);
INSERT INTO NM.COMMENTS (ID,COMMENTTEXT,CREATIONDATE,NEWSID) VALUES  (70,'548580210505844',to_timestamp('03-MAR-15 12.00.00.000000000 AM','DD-MON-RR HH.MI.SSXFF AM'),12);
INSERT INTO NM.COMMENTS (ID,COMMENTTEXT,CREATIONDATE,NEWSID) VALUES  (71,'982100305296189',to_timestamp('03-MAR-15 12.00.00.000000000 AM','DD-MON-RR HH.MI.SSXFF AM'),7);
INSERT INTO NM.COMMENTS (ID,COMMENTTEXT,CREATIONDATE,NEWSID) VALUES  (72,'462789737784669',to_timestamp('03-MAR-15 12.00.00.000000000 AM','DD-MON-RR HH.MI.SSXFF AM'),17);
INSERT INTO NM.COMMENTS (ID,COMMENTTEXT,CREATIONDATE,NEWSID) VALUES  (73,'060791441185504',to_timestamp('03-MAR-15 12.00.00.000000000 AM','DD-MON-RR HH.MI.SSXFF AM'),10);
INSERT INTO NM.COMMENTS (ID,COMMENTTEXT,CREATIONDATE,NEWSID) VALUES  (74,'696674526351698',to_timestamp('03-MAR-15 12.00.00.000000000 AM','DD-MON-RR HH.MI.SSXFF AM'),13);
INSERT INTO NM.COMMENTS (ID,COMMENTTEXT,CREATIONDATE,NEWSID) VALUES  (75,'156049015211007',to_timestamp('03-MAR-15 12.00.00.000000000 AM','DD-MON-RR HH.MI.SSXFF AM'),2);
INSERT INTO NM.COMMENTS (ID,COMMENTTEXT,CREATIONDATE,NEWSID) VALUES  (76,'687863689137977',to_timestamp('03-MAR-15 12.00.00.000000000 AM','DD-MON-RR HH.MI.SSXFF AM'),7);
INSERT INTO NM.COMMENTS (ID,COMMENTTEXT,CREATIONDATE,NEWSID) VALUES  (77,'303205715950152',to_timestamp('03-MAR-15 12.00.00.000000000 AM','DD-MON-RR HH.MI.SSXFF AM'),5);
INSERT INTO NM.COMMENTS (ID,COMMENTTEXT,CREATIONDATE,NEWSID) VALUES  (78,'661046692375997',to_timestamp('03-MAR-15 12.00.00.000000000 AM','DD-MON-RR HH.MI.SSXFF AM'),17);
INSERT INTO NM.COMMENTS (ID,COMMENTTEXT,CREATIONDATE,NEWSID) VALUES  (79,'624318499094965',to_timestamp('03-MAR-15 12.00.00.000000000 AM','DD-MON-RR HH.MI.SSXFF AM'),16);
INSERT INTO NM.COMMENTS (ID,COMMENTTEXT,CREATIONDATE,NEWSID) VALUES  (80,'954249460053037',to_timestamp('03-MAR-15 12.00.00.000000000 AM','DD-MON-RR HH.MI.SSXFF AM'),3);
INSERT INTO NM.COMMENTS (ID,COMMENTTEXT,CREATIONDATE,NEWSID) VALUES  (81,'385756921874360',to_timestamp('03-MAR-15 12.00.00.000000000 AM','DD-MON-RR HH.MI.SSXFF AM'),5);
INSERT INTO NM.COMMENTS (ID,COMMENTTEXT,CREATIONDATE,NEWSID) VALUES  (82,'079520541001922',to_timestamp('03-MAR-15 12.00.00.000000000 AM','DD-MON-RR HH.MI.SSXFF AM'),19);
INSERT INTO NM.COMMENTS (ID,COMMENTTEXT,CREATIONDATE,NEWSID) VALUES  (83,'413992542696800',to_timestamp('03-MAR-15 12.00.00.000000000 AM','DD-MON-RR HH.MI.SSXFF AM'),1);
INSERT INTO NM.COMMENTS (ID,COMMENTTEXT,CREATIONDATE,NEWSID) VALUES  (84,'999871015289362',to_timestamp('03-MAR-15 12.00.00.000000000 AM','DD-MON-RR HH.MI.SSXFF AM'),8);
INSERT INTO NM.COMMENTS (ID,COMMENTTEXT,CREATIONDATE,NEWSID) VALUES  (85,'751035754571378',to_timestamp('03-MAR-15 12.00.00.000000000 AM','DD-MON-RR HH.MI.SSXFF AM'),1);
INSERT INTO NM.COMMENTS (ID,COMMENTTEXT,CREATIONDATE,NEWSID) VALUES  (86,'172924556510118',to_timestamp('03-MAR-15 12.00.00.000000000 AM','DD-MON-RR HH.MI.SSXFF AM'),16);
INSERT INTO NM.COMMENTS (ID,COMMENTTEXT,CREATIONDATE,NEWSID) VALUES  (87,'357291562225651',to_timestamp('03-MAR-15 12.00.00.000000000 AM','DD-MON-RR HH.MI.SSXFF AM'),8);
INSERT INTO NM.COMMENTS (ID,COMMENTTEXT,CREATIONDATE,NEWSID) VALUES  (88,'972584585391832',to_timestamp('03-MAR-15 12.00.00.000000000 AM','DD-MON-RR HH.MI.SSXFF AM'),10);
INSERT INTO NM.COMMENTS (ID,COMMENTTEXT,CREATIONDATE,NEWSID) VALUES  (89,'684497499397901',to_timestamp('03-MAR-15 12.00.00.000000000 AM','DD-MON-RR HH.MI.SSXFF AM'),2);
INSERT INTO NM.COMMENTS (ID,COMMENTTEXT,CREATIONDATE,NEWSID) VALUES  (90,'075939019836452',to_timestamp('03-MAR-15 12.00.00.000000000 AM','DD-MON-RR HH.MI.SSXFF AM'),18);
INSERT INTO NM.COMMENTS (ID,COMMENTTEXT,CREATIONDATE,NEWSID) VALUES  (91,'061112449924227',to_timestamp('03-MAR-15 12.00.00.000000000 AM','DD-MON-RR HH.MI.SSXFF AM'),2);
INSERT INTO NM.COMMENTS (ID,COMMENTTEXT,CREATIONDATE,NEWSID) VALUES  (92,'801391224783792',to_timestamp('03-MAR-15 12.00.00.000000000 AM','DD-MON-RR HH.MI.SSXFF AM'),2);
INSERT INTO NM.COMMENTS (ID,COMMENTTEXT,CREATIONDATE,NEWSID) VALUES  (93,'750762701523394',to_timestamp('03-MAR-15 12.00.00.000000000 AM','DD-MON-RR HH.MI.SSXFF AM'),5);
INSERT INTO NM.COMMENTS (ID,COMMENTTEXT,CREATIONDATE,NEWSID) VALUES  (94,'195582335590036',to_timestamp('03-MAR-15 12.00.00.000000000 AM','DD-MON-RR HH.MI.SSXFF AM'),6);
INSERT INTO NM.COMMENTS (ID,COMMENTTEXT,CREATIONDATE,NEWSID) VALUES  (95,'564108741552142',to_timestamp('03-MAR-15 12.00.00.000000000 AM','DD-MON-RR HH.MI.SSXFF AM'),16);
INSERT INTO NM.COMMENTS (ID,COMMENTTEXT,CREATIONDATE,NEWSID) VALUES  (96,'455937481692302',to_timestamp('03-MAR-15 12.00.00.000000000 AM','DD-MON-RR HH.MI.SSXFF AM'),9);
INSERT INTO NM.COMMENTS (ID,COMMENTTEXT,CREATIONDATE,NEWSID) VALUES  (97,'984917206684572',to_timestamp('03-MAR-15 12.00.00.000000000 AM','DD-MON-RR HH.MI.SSXFF AM'),13);
INSERT INTO NM.COMMENTS (ID,COMMENTTEXT,CREATIONDATE,NEWSID) VALUES  (98,'528710298409508',to_timestamp('03-MAR-15 12.00.00.000000000 AM','DD-MON-RR HH.MI.SSXFF AM'),2);
INSERT INTO NM.COMMENTS (ID,COMMENTTEXT,CREATIONDATE,NEWSID) VALUES  (99,'276373461902835',to_timestamp('03-MAR-15 12.00.00.000000000 AM','DD-MON-RR HH.MI.SSXFF AM'),19);
INSERT INTO NM.COMMENTS (ID,COMMENTTEXT,CREATIONDATE,NEWSID) VALUES  (100,'435282468724352',to_timestamp('03-MAR-15 12.00.00.000000000 AM','DD-MON-RR HH.MI.SSXFF AM'),19);
INSERT INTO NM.COMMENTS (ID,COMMENTTEXT,CREATIONDATE,NEWSID) VALUES  (101,'235308829378032',to_timestamp('04-MAR-15 12.00.00.000000000 AM','DD-MON-RR HH.MI.SSXFF AM'),11);
INSERT INTO NM.COMMENTS (ID,COMMENTTEXT,CREATIONDATE,NEWSID) VALUES  (102,'769568149883563',to_timestamp('04-MAR-15 12.00.00.000000000 AM','DD-MON-RR HH.MI.SSXFF AM'),10);
INSERT INTO NM.COMMENTS (ID,COMMENTTEXT,CREATIONDATE,NEWSID) VALUES  (103,'137924800639614',to_timestamp('04-MAR-15 12.00.00.000000000 AM','DD-MON-RR HH.MI.SSXFF AM'),14);
INSERT INTO NM.COMMENTS (ID,COMMENTTEXT,CREATIONDATE,NEWSID) VALUES  (104,'954119751578700',to_timestamp('04-MAR-15 12.00.00.000000000 AM','DD-MON-RR HH.MI.SSXFF AM'),1);
INSERT INTO NM.COMMENTS (ID,COMMENTTEXT,CREATIONDATE,NEWSID) VALUES  (105,'472213708486410',to_timestamp('04-MAR-15 12.00.00.000000000 AM','DD-MON-RR HH.MI.SSXFF AM'),19);
INSERT INTO NM.COMMENTS (ID,COMMENTTEXT,CREATIONDATE,NEWSID) VALUES  (106,'226178899047084',to_timestamp('04-MAR-15 12.00.00.000000000 AM','DD-MON-RR HH.MI.SSXFF AM'),15);
INSERT INTO NM.COMMENTS (ID,COMMENTTEXT,CREATIONDATE,NEWSID) VALUES  (107,'650500750069708',to_timestamp('04-MAR-15 12.00.00.000000000 AM','DD-MON-RR HH.MI.SSXFF AM'),4);
INSERT INTO NM.COMMENTS (ID,COMMENTTEXT,CREATIONDATE,NEWSID) VALUES  (108,'819995990316627',to_timestamp('04-MAR-15 12.00.00.000000000 AM','DD-MON-RR HH.MI.SSXFF AM'),7);
INSERT INTO NM.COMMENTS (ID,COMMENTTEXT,CREATIONDATE,NEWSID) VALUES  (109,'925036373594120',to_timestamp('04-MAR-15 12.00.00.000000000 AM','DD-MON-RR HH.MI.SSXFF AM'),8);
INSERT INTO NM.COMMENTS (ID,COMMENTTEXT,CREATIONDATE,NEWSID) VALUES  (110,'887951901089474',to_timestamp('04-MAR-15 12.00.00.000000000 AM','DD-MON-RR HH.MI.SSXFF AM'),14);
INSERT INTO NM.COMMENTS (ID,COMMENTTEXT,CREATIONDATE,NEWSID) VALUES  (111,'514835094332815',to_timestamp('04-MAR-15 12.00.00.000000000 AM','DD-MON-RR HH.MI.SSXFF AM'),16);
INSERT INTO NM.COMMENTS (ID,COMMENTTEXT,CREATIONDATE,NEWSID) VALUES  (112,'563995461621314',to_timestamp('04-MAR-15 12.00.00.000000000 AM','DD-MON-RR HH.MI.SSXFF AM'),2);
INSERT INTO NM.COMMENTS (ID,COMMENTTEXT,CREATIONDATE,NEWSID) VALUES  (113,'102943312765868',to_timestamp('04-MAR-15 12.00.00.000000000 AM','DD-MON-RR HH.MI.SSXFF AM'),6);
INSERT INTO NM.COMMENTS (ID,COMMENTTEXT,CREATIONDATE,NEWSID) VALUES  (114,'959949870897629',to_timestamp('04-MAR-15 12.00.00.000000000 AM','DD-MON-RR HH.MI.SSXFF AM'),5);
INSERT INTO NM.COMMENTS (ID,COMMENTTEXT,CREATIONDATE,NEWSID) VALUES  (115,'612601788970631',to_timestamp('04-MAR-15 12.00.00.000000000 AM','DD-MON-RR HH.MI.SSXFF AM'),3);
INSERT INTO NM.COMMENTS (ID,COMMENTTEXT,CREATIONDATE,NEWSID) VALUES  (116,'841485832991896',to_timestamp('04-MAR-15 12.00.00.000000000 AM','DD-MON-RR HH.MI.SSXFF AM'),15);
INSERT INTO NM.COMMENTS (ID,COMMENTTEXT,CREATIONDATE,NEWSID) VALUES  (117,'506179653752044',to_timestamp('04-MAR-15 12.00.00.000000000 AM','DD-MON-RR HH.MI.SSXFF AM'),5);
INSERT INTO NM.COMMENTS (ID,COMMENTTEXT,CREATIONDATE,NEWSID) VALUES  (118,'790861731922247',to_timestamp('04-MAR-15 12.00.00.000000000 AM','DD-MON-RR HH.MI.SSXFF AM'),11);
INSERT INTO NM.COMMENTS (ID,COMMENTTEXT,CREATIONDATE,NEWSID) VALUES  (119,'530745027205839',to_timestamp('04-MAR-15 12.00.00.000000000 AM','DD-MON-RR HH.MI.SSXFF AM'),14);
INSERT INTO NM.COMMENTS (ID,COMMENTTEXT,CREATIONDATE,NEWSID) VALUES  (120,'854129346287319',to_timestamp('04-MAR-15 12.00.00.000000000 AM','DD-MON-RR HH.MI.SSXFF AM'),16);
INSERT INTO NM.COMMENTS (ID,COMMENTTEXT,CREATIONDATE,NEWSID) VALUES  (121,'503021180621240',to_timestamp('04-MAR-15 12.00.00.000000000 AM','DD-MON-RR HH.MI.SSXFF AM'),18);
INSERT INTO NM.COMMENTS (ID,COMMENTTEXT,CREATIONDATE,NEWSID) VALUES  (122,'365404907786686',to_timestamp('04-MAR-15 12.00.00.000000000 AM','DD-MON-RR HH.MI.SSXFF AM'),5);
INSERT INTO NM.COMMENTS (ID,COMMENTTEXT,CREATIONDATE,NEWSID) VALUES  (123,'433405340456838',to_timestamp('04-MAR-15 12.00.00.000000000 AM','DD-MON-RR HH.MI.SSXFF AM'),2);
INSERT INTO NM.COMMENTS (ID,COMMENTTEXT,CREATIONDATE,NEWSID) VALUES  (124,'693134094132412',to_timestamp('04-MAR-15 12.00.00.000000000 AM','DD-MON-RR HH.MI.SSXFF AM'),1);
INSERT INTO NM.COMMENTS (ID,COMMENTTEXT,CREATIONDATE,NEWSID) VALUES  (125,'231495876974722',to_timestamp('04-MAR-15 12.00.00.000000000 AM','DD-MON-RR HH.MI.SSXFF AM'),7);
INSERT INTO NM.COMMENTS (ID,COMMENTTEXT,CREATIONDATE,NEWSID) VALUES  (126,'748202466397392',to_timestamp('04-MAR-15 12.00.00.000000000 AM','DD-MON-RR HH.MI.SSXFF AM'),5);
INSERT INTO NM.COMMENTS (ID,COMMENTTEXT,CREATIONDATE,NEWSID) VALUES  (127,'873013599500483',to_timestamp('04-MAR-15 12.00.00.000000000 AM','DD-MON-RR HH.MI.SSXFF AM'),6);
INSERT INTO NM.COMMENTS (ID,COMMENTTEXT,CREATIONDATE,NEWSID) VALUES  (128,'907602282318036',to_timestamp('04-MAR-15 12.00.00.000000000 AM','DD-MON-RR HH.MI.SSXFF AM'),4);
INSERT INTO NM.COMMENTS (ID,COMMENTTEXT,CREATIONDATE,NEWSID) VALUES  (129,'460396685734714',to_timestamp('04-MAR-15 12.00.00.000000000 AM','DD-MON-RR HH.MI.SSXFF AM'),18);
INSERT INTO NM.COMMENTS (ID,COMMENTTEXT,CREATIONDATE,NEWSID) VALUES  (130,'865463310908862',to_timestamp('04-MAR-15 12.00.00.000000000 AM','DD-MON-RR HH.MI.SSXFF AM'),10);
INSERT INTO NM.COMMENTS (ID,COMMENTTEXT,CREATIONDATE,NEWSID) VALUES  (131,'402061814355754',to_timestamp('04-MAR-15 12.00.00.000000000 AM','DD-MON-RR HH.MI.SSXFF AM'),5);
INSERT INTO NM.COMMENTS (ID,COMMENTTEXT,CREATIONDATE,NEWSID) VALUES  (132,'718462857372705',to_timestamp('04-MAR-15 12.00.00.000000000 AM','DD-MON-RR HH.MI.SSXFF AM'),11);
INSERT INTO NM.COMMENTS (ID,COMMENTTEXT,CREATIONDATE,NEWSID) VALUES  (133,'024401873227699',to_timestamp('04-MAR-15 12.00.00.000000000 AM','DD-MON-RR HH.MI.SSXFF AM'),2);
INSERT INTO NM.COMMENTS (ID,COMMENTTEXT,CREATIONDATE,NEWSID) VALUES  (134,'076291408798634',to_timestamp('04-MAR-15 12.00.00.000000000 AM','DD-MON-RR HH.MI.SSXFF AM'),1);
INSERT INTO NM.COMMENTS (ID,COMMENTTEXT,CREATIONDATE,NEWSID) VALUES  (135,'350332664574075',to_timestamp('04-MAR-15 12.00.00.000000000 AM','DD-MON-RR HH.MI.SSXFF AM'),9);
INSERT INTO NM.COMMENTS (ID,COMMENTTEXT,CREATIONDATE,NEWSID) VALUES  (136,'683693844605392',to_timestamp('04-MAR-15 12.00.00.000000000 AM','DD-MON-RR HH.MI.SSXFF AM'),8);
INSERT INTO NM.COMMENTS (ID,COMMENTTEXT,CREATIONDATE,NEWSID) VALUES  (137,'635383813687563',to_timestamp('04-MAR-15 12.00.00.000000000 AM','DD-MON-RR HH.MI.SSXFF AM'),3);
INSERT INTO NM.COMMENTS (ID,COMMENTTEXT,CREATIONDATE,NEWSID) VALUES  (138,'649357811427319',to_timestamp('04-MAR-15 12.00.00.000000000 AM','DD-MON-RR HH.MI.SSXFF AM'),16);
INSERT INTO NM.COMMENTS (ID,COMMENTTEXT,CREATIONDATE,NEWSID) VALUES  (139,'672445978974236',to_timestamp('04-MAR-15 12.00.00.000000000 AM','DD-MON-RR HH.MI.SSXFF AM'),19);
INSERT INTO NM.COMMENTS (ID,COMMENTTEXT,CREATIONDATE,NEWSID) VALUES  (140,'048841342547819',to_timestamp('04-MAR-15 12.00.00.000000000 AM','DD-MON-RR HH.MI.SSXFF AM'),2);

INSERT INTO NM.NEWS (ID,SHORTTEXT,FULLTEXT,TITLE,CREATIONDATE,MODIFICATIONDATE) VALUES  (1,'237405931364490','105839987881641','317053810898141',to_timestamp('03-MAR-15 12.00.00.000000000 AM','DD-MON-RR HH.MI.SSXFF AM'),to_date('03-MAR-15','DD-MON-RR'));
INSERT INTO NM.NEWS (ID,SHORTTEXT,FULLTEXT,TITLE,CREATIONDATE,MODIFICATIONDATE) VALUES  (2,'577761240299189','970675760898443','756949489311805',to_timestamp('03-MAR-15 12.00.00.000000000 AM','DD-MON-RR HH.MI.SSXFF AM'),to_date('03-MAR-15','DD-MON-RR'));
INSERT INTO NM.NEWS (ID,SHORTTEXT,FULLTEXT,TITLE,CREATIONDATE,MODIFICATIONDATE) VALUES  (3,'671380745634599','293742453280541','832238091938670',to_timestamp('03-MAR-15 12.00.00.000000000 AM','DD-MON-RR HH.MI.SSXFF AM'),to_date('03-MAR-15','DD-MON-RR'));
INSERT INTO NM.NEWS (ID,SHORTTEXT,FULLTEXT,TITLE,CREATIONDATE,MODIFICATIONDATE) VALUES  (4,'425720909192694','208386786652890','489358149219185',to_timestamp('03-MAR-15 12.00.00.000000000 AM','DD-MON-RR HH.MI.SSXFF AM'),to_date('03-MAR-15','DD-MON-RR'));
INSERT INTO NM.NEWS (ID,SHORTTEXT,FULLTEXT,TITLE,CREATIONDATE,MODIFICATIONDATE) VALUES  (5,'316843805205511','826694942786471','269949548306491',to_timestamp('03-MAR-15 12.00.00.000000000 AM','DD-MON-RR HH.MI.SSXFF AM'),to_date('03-MAR-15','DD-MON-RR'));
INSERT INTO NM.NEWS (ID,SHORTTEXT,FULLTEXT,TITLE,CREATIONDATE,MODIFICATIONDATE) VALUES  (6,'506134801502999','743246219773204','719814045110440',to_timestamp('03-MAR-15 12.00.00.000000000 AM','DD-MON-RR HH.MI.SSXFF AM'),to_date('03-MAR-15','DD-MON-RR'));
INSERT INTO NM.NEWS (ID,SHORTTEXT,FULLTEXT,TITLE,CREATIONDATE,MODIFICATIONDATE) VALUES  (7,'811691588514018','389590157046651','953983267997052',to_timestamp('03-MAR-15 12.00.00.000000000 AM','DD-MON-RR HH.MI.SSXFF AM'),to_date('03-MAR-15','DD-MON-RR'));
INSERT INTO NM.NEWS (ID,SHORTTEXT,FULLTEXT,TITLE,CREATIONDATE,MODIFICATIONDATE) VALUES  (8,'511058557246411','815108999606928','787348290011317',to_timestamp('03-MAR-15 12.00.00.000000000 AM','DD-MON-RR HH.MI.SSXFF AM'),to_date('03-MAR-15','DD-MON-RR'));
INSERT INTO NM.NEWS (ID,SHORTTEXT,FULLTEXT,TITLE,CREATIONDATE,MODIFICATIONDATE) VALUES  (9,'610647439208357','496722658774932','154743960893939',to_timestamp('03-MAR-15 12.00.00.000000000 AM','DD-MON-RR HH.MI.SSXFF AM'),to_date('03-MAR-15','DD-MON-RR'));
INSERT INTO NM.NEWS (ID,SHORTTEXT,FULLTEXT,TITLE,CREATIONDATE,MODIFICATIONDATE) VALUES  (10,'069887796199562','547535976804934','059457863604989',to_timestamp('03-MAR-15 12.00.00.000000000 AM','DD-MON-RR HH.MI.SSXFF AM'),to_date('03-MAR-15','DD-MON-RR'));
INSERT INTO NM.NEWS (ID,SHORTTEXT,FULLTEXT,TITLE,CREATIONDATE,MODIFICATIONDATE) VALUES  (11,'350349193835851','841639835138023','551038208991071',to_timestamp('03-MAR-15 12.00.00.000000000 AM','DD-MON-RR HH.MI.SSXFF AM'),to_date('03-MAR-15','DD-MON-RR'));
INSERT INTO NM.NEWS (ID,SHORTTEXT,FULLTEXT,TITLE,CREATIONDATE,MODIFICATIONDATE) VALUES  (12,'389956616647385','925926503686960','152623585612402',to_timestamp('03-MAR-15 12.00.00.000000000 AM','DD-MON-RR HH.MI.SSXFF AM'),to_date('03-MAR-15','DD-MON-RR'));
INSERT INTO NM.NEWS (ID,SHORTTEXT,FULLTEXT,TITLE,CREATIONDATE,MODIFICATIONDATE) VALUES  (13,'107643018522505','854182654677137','750115891146097',to_timestamp('03-MAR-15 12.00.00.000000000 AM','DD-MON-RR HH.MI.SSXFF AM'),to_date('03-MAR-15','DD-MON-RR'));
INSERT INTO NM.NEWS (ID,SHORTTEXT,FULLTEXT,TITLE,CREATIONDATE,MODIFICATIONDATE) VALUES  (14,'226784114009767','143497104271154','773671862549984',to_timestamp('03-MAR-15 12.00.00.000000000 AM','DD-MON-RR HH.MI.SSXFF AM'),to_date('03-MAR-15','DD-MON-RR'));
INSERT INTO NM.NEWS (ID,SHORTTEXT,FULLTEXT,TITLE,CREATIONDATE,MODIFICATIONDATE) VALUES  (15,'848650799815878','164857098313273','544099312753068',to_timestamp('03-MAR-15 12.00.00.000000000 AM','DD-MON-RR HH.MI.SSXFF AM'),to_date('03-MAR-15','DD-MON-RR'));
INSERT INTO NM.NEWS (ID,SHORTTEXT,FULLTEXT,TITLE,CREATIONDATE,MODIFICATIONDATE) VALUES  (16,'688666181393085','951968768789744','421091273494008',to_timestamp('03-MAR-15 12.00.00.000000000 AM','DD-MON-RR HH.MI.SSXFF AM'),to_date('03-MAR-15','DD-MON-RR'));
INSERT INTO NM.NEWS (ID,SHORTTEXT,FULLTEXT,TITLE,CREATIONDATE,MODIFICATIONDATE) VALUES  (17,'184322208874287','671519046876296','519516036327808',to_timestamp('03-MAR-15 12.00.00.000000000 AM','DD-MON-RR HH.MI.SSXFF AM'),to_date('03-MAR-15','DD-MON-RR'));
INSERT INTO NM.NEWS (ID,SHORTTEXT,FULLTEXT,TITLE,CREATIONDATE,MODIFICATIONDATE) VALUES  (18,'715746368065203','353711494530234','846189174357476',to_timestamp('03-MAR-15 12.00.00.000000000 AM','DD-MON-RR HH.MI.SSXFF AM'),to_date('03-MAR-15','DD-MON-RR'));
INSERT INTO NM.NEWS (ID,SHORTTEXT,FULLTEXT,TITLE,CREATIONDATE,MODIFICATIONDATE) VALUES  (19,'348888762811086','172518220611904','377247742614049',to_timestamp('03-MAR-15 12.00.00.000000000 AM','DD-MON-RR HH.MI.SSXFF AM'),to_date('03-MAR-15','DD-MON-RR'));
INSERT INTO NM.NEWS (ID,SHORTTEXT,FULLTEXT,TITLE,CREATIONDATE,MODIFICATIONDATE) VALUES  (20,'027493807771879','833555245235935','147665487669222',to_timestamp('03-MAR-15 12.00.00.000000000 AM','DD-MON-RR HH.MI.SSXFF AM'),to_date('03-MAR-15','DD-MON-RR'));
INSERT INTO NM.NEWS (ID,SHORTTEXT,FULLTEXT,TITLE,CREATIONDATE,MODIFICATIONDATE) VALUES  (21,'443156192860674','383758306749170','235277712564985',to_timestamp('03-MAR-15 12.00.00.000000000 AM','DD-MON-RR HH.MI.SSXFF AM'),to_date('03-MAR-15','DD-MON-RR'));
INSERT INTO NM.NEWS (ID,SHORTTEXT,FULLTEXT,TITLE,CREATIONDATE,MODIFICATIONDATE) VALUES  (22,'959118763358881','584918987535677','809519815414293',to_timestamp('03-MAR-15 12.00.00.000000000 AM','DD-MON-RR HH.MI.SSXFF AM'),to_date('03-MAR-15','DD-MON-RR'));
INSERT INTO NM.NEWS (ID,SHORTTEXT,FULLTEXT,TITLE,CREATIONDATE,MODIFICATIONDATE) VALUES  (23,'534390844648480','302421105313180','202385660327283',to_timestamp('03-MAR-15 12.00.00.000000000 AM','DD-MON-RR HH.MI.SSXFF AM'),to_date('03-MAR-15','DD-MON-RR'));
INSERT INTO NM.NEWS (ID,SHORTTEXT,FULLTEXT,TITLE,CREATIONDATE,MODIFICATIONDATE) VALUES  (24,'512731459242885','021154053332113','099783705992420',to_timestamp('03-MAR-15 12.00.00.000000000 AM','DD-MON-RR HH.MI.SSXFF AM'),to_date('03-MAR-15','DD-MON-RR'));
INSERT INTO NM.NEWS (ID,SHORTTEXT,FULLTEXT,TITLE,CREATIONDATE,MODIFICATIONDATE) VALUES  (25,'750147531641534','670369487261643','201707966671409',to_timestamp('03-MAR-15 12.00.00.000000000 AM','DD-MON-RR HH.MI.SSXFF AM'),to_date('03-MAR-15','DD-MON-RR'));
INSERT INTO NM.NEWS (ID,SHORTTEXT,FULLTEXT,TITLE,CREATIONDATE,MODIFICATIONDATE) VALUES  (26,'064848406747265','275214733558793','831142988640252',to_timestamp('03-MAR-15 12.00.00.000000000 AM','DD-MON-RR HH.MI.SSXFF AM'),to_date('03-MAR-15','DD-MON-RR'));
INSERT INTO NM.NEWS (ID,SHORTTEXT,FULLTEXT,TITLE,CREATIONDATE,MODIFICATIONDATE) VALUES  (27,'311666596735630','015596676938665','381979123575707',to_timestamp('03-MAR-15 12.00.00.000000000 AM','DD-MON-RR HH.MI.SSXFF AM'),to_date('03-MAR-15','DD-MON-RR'));
INSERT INTO NM.NEWS (ID,SHORTTEXT,FULLTEXT,TITLE,CREATIONDATE,MODIFICATIONDATE) VALUES  (28,'726552924818469','219461318530197','839281340105988',to_timestamp('03-MAR-15 12.00.00.000000000 AM','DD-MON-RR HH.MI.SSXFF AM'),to_date('03-MAR-15','DD-MON-RR'));
INSERT INTO NM.NEWS (ID,SHORTTEXT,FULLTEXT,TITLE,CREATIONDATE,MODIFICATIONDATE) VALUES  (29,'575436157512673','709480099216540','674114773483669',to_timestamp('03-MAR-15 12.00.00.000000000 AM','DD-MON-RR HH.MI.SSXFF AM'),to_date('03-MAR-15','DD-MON-RR'));
INSERT INTO NM.NEWS (ID,SHORTTEXT,FULLTEXT,TITLE,CREATIONDATE,MODIFICATIONDATE) VALUES  (30,'901094457609719','722447481187383','314411013852866',to_timestamp('03-MAR-15 12.00.00.000000000 AM','DD-MON-RR HH.MI.SSXFF AM'),to_date('03-MAR-15','DD-MON-RR'));
INSERT INTO NM.NEWS (ID,SHORTTEXT,FULLTEXT,TITLE,CREATIONDATE,MODIFICATIONDATE) VALUES  (31,'225907819491159','316021152950516','234401938913034',to_timestamp('03-MAR-15 12.00.00.000000000 AM','DD-MON-RR HH.MI.SSXFF AM'),to_date('03-MAR-15','DD-MON-RR'));
INSERT INTO NM.NEWS (ID,SHORTTEXT,FULLTEXT,TITLE,CREATIONDATE,MODIFICATIONDATE) VALUES  (32,'723137863835527','901756004665946','703045683355572',to_timestamp('03-MAR-15 12.00.00.000000000 AM','DD-MON-RR HH.MI.SSXFF AM'),to_date('03-MAR-15','DD-MON-RR'));
INSERT INTO NM.NEWS (ID,SHORTTEXT,FULLTEXT,TITLE,CREATIONDATE,MODIFICATIONDATE) VALUES  (33,'351193231275979','622058577226755','986292443247356',to_timestamp('03-MAR-15 12.00.00.000000000 AM','DD-MON-RR HH.MI.SSXFF AM'),to_date('03-MAR-15','DD-MON-RR'));
INSERT INTO NM.NEWS (ID,SHORTTEXT,FULLTEXT,TITLE,CREATIONDATE,MODIFICATIONDATE) VALUES  (34,'342802113743646','110675243028652','222689469767275',to_timestamp('03-MAR-15 12.00.00.000000000 AM','DD-MON-RR HH.MI.SSXFF AM'),to_date('03-MAR-15','DD-MON-RR'));
INSERT INTO NM.NEWS (ID,SHORTTEXT,FULLTEXT,TITLE,CREATIONDATE,MODIFICATIONDATE) VALUES  (35,'514926112643611','872420885834986','671410632634359',to_timestamp('03-MAR-15 12.00.00.000000000 AM','DD-MON-RR HH.MI.SSXFF AM'),to_date('03-MAR-15','DD-MON-RR'));
INSERT INTO NM.NEWS (ID,SHORTTEXT,FULLTEXT,TITLE,CREATIONDATE,MODIFICATIONDATE) VALUES  (36,'853662258093543','475483386217771','793640953343918',to_timestamp('03-MAR-15 12.00.00.000000000 AM','DD-MON-RR HH.MI.SSXFF AM'),to_date('03-MAR-15','DD-MON-RR'));
INSERT INTO NM.NEWS (ID,SHORTTEXT,FULLTEXT,TITLE,CREATIONDATE,MODIFICATIONDATE) VALUES  (37,'765390646180198','849219820884778','366554876805407',to_timestamp('03-MAR-15 12.00.00.000000000 AM','DD-MON-RR HH.MI.SSXFF AM'),to_date('03-MAR-15','DD-MON-RR'));
INSERT INTO NM.NEWS (ID,SHORTTEXT,FULLTEXT,TITLE,CREATIONDATE,MODIFICATIONDATE) VALUES  (38,'459037750032069','529183139615749','820073450285805',to_timestamp('03-MAR-15 12.00.00.000000000 AM','DD-MON-RR HH.MI.SSXFF AM'),to_date('03-MAR-15','DD-MON-RR'));
INSERT INTO NM.NEWS (ID,SHORTTEXT,FULLTEXT,TITLE,CREATIONDATE,MODIFICATIONDATE) VALUES  (39,'908218037590857','488306938603091','443520425989499',to_timestamp('03-MAR-15 12.00.00.000000000 AM','DD-MON-RR HH.MI.SSXFF AM'),to_date('03-MAR-15','DD-MON-RR'));
INSERT INTO NM.NEWS (ID,SHORTTEXT,FULLTEXT,TITLE,CREATIONDATE,MODIFICATIONDATE) VALUES  (40,'433745330702857','984195748614508','517335436593411',to_timestamp('03-MAR-15 12.00.00.000000000 AM','DD-MON-RR HH.MI.SSXFF AM'),to_date('03-MAR-15','DD-MON-RR'));
INSERT INTO NM.NEWS (ID,SHORTTEXT,FULLTEXT,TITLE,CREATIONDATE,MODIFICATIONDATE) VALUES  (41,'059760020059832','662532104376920','559355902069880',to_timestamp('03-MAR-15 12.00.00.000000000 AM','DD-MON-RR HH.MI.SSXFF AM'),to_date('03-MAR-15','DD-MON-RR'));
INSERT INTO NM.NEWS (ID,SHORTTEXT,FULLTEXT,TITLE,CREATIONDATE,MODIFICATIONDATE) VALUES  (42,'838696913242840','414537609732929','945242399537274',to_timestamp('03-MAR-15 12.00.00.000000000 AM','DD-MON-RR HH.MI.SSXFF AM'),to_date('03-MAR-15','DD-MON-RR'));
INSERT INTO NM.NEWS (ID,SHORTTEXT,FULLTEXT,TITLE,CREATIONDATE,MODIFICATIONDATE) VALUES  (43,'394082537789582','049434960388035','939165923446694',to_timestamp('03-MAR-15 12.00.00.000000000 AM','DD-MON-RR HH.MI.SSXFF AM'),to_date('03-MAR-15','DD-MON-RR'));
INSERT INTO NM.NEWS (ID,SHORTTEXT,FULLTEXT,TITLE,CREATIONDATE,MODIFICATIONDATE) VALUES  (44,'145948360544576','468006651388905','895290056025177',to_timestamp('03-MAR-15 12.00.00.000000000 AM','DD-MON-RR HH.MI.SSXFF AM'),to_date('03-MAR-15','DD-MON-RR'));
INSERT INTO NM.NEWS (ID,SHORTTEXT,FULLTEXT,TITLE,CREATIONDATE,MODIFICATIONDATE) VALUES  (45,'199694656272333','271910595917570','432658004879568',to_timestamp('03-MAR-15 12.00.00.000000000 AM','DD-MON-RR HH.MI.SSXFF AM'),to_date('03-MAR-15','DD-MON-RR'));
INSERT INTO NM.NEWS (ID,SHORTTEXT,FULLTEXT,TITLE,CREATIONDATE,MODIFICATIONDATE) VALUES  (46,'353767485753834','030084070343488','160637571006541',to_timestamp('03-MAR-15 12.00.00.000000000 AM','DD-MON-RR HH.MI.SSXFF AM'),to_date('03-MAR-15','DD-MON-RR'));
INSERT INTO NM.NEWS (ID,SHORTTEXT,FULLTEXT,TITLE,CREATIONDATE,MODIFICATIONDATE) VALUES  (47,'521693396134423','051439130053583','025260383985450',to_timestamp('03-MAR-15 12.00.00.000000000 AM','DD-MON-RR HH.MI.SSXFF AM'),to_date('03-MAR-15','DD-MON-RR'));
INSERT INTO NM.NEWS (ID,SHORTTEXT,FULLTEXT,TITLE,CREATIONDATE,MODIFICATIONDATE) VALUES  (48,'455376081177363','485127736968381','950778930634533',to_timestamp('03-MAR-15 12.00.00.000000000 AM','DD-MON-RR HH.MI.SSXFF AM'),to_date('03-MAR-15','DD-MON-RR'));
INSERT INTO NM.NEWS (ID,SHORTTEXT,FULLTEXT,TITLE,CREATIONDATE,MODIFICATIONDATE) VALUES  (49,'621553661331819','130073387423410','574020769631716',to_timestamp('03-MAR-15 12.00.00.000000000 AM','DD-MON-RR HH.MI.SSXFF AM'),to_date('03-MAR-15','DD-MON-RR'));
INSERT INTO NM.NEWS (ID,SHORTTEXT,FULLTEXT,TITLE,CREATIONDATE,MODIFICATIONDATE) VALUES  (50,'743576926818643','577253609515443','146410755650683',to_timestamp('03-MAR-15 12.00.00.000000000 AM','DD-MON-RR HH.MI.SSXFF AM'),to_date('03-MAR-15','DD-MON-RR'));
INSERT INTO NM.NEWS (ID,SHORTTEXT,FULLTEXT,TITLE,CREATIONDATE,MODIFICATIONDATE) VALUES  (51,'910194633636930','163227081324767','720347047177507',to_timestamp('03-MAR-15 12.00.00.000000000 AM','DD-MON-RR HH.MI.SSXFF AM'),to_date('03-MAR-15','DD-MON-RR'));
INSERT INTO NM.NEWS (ID,SHORTTEXT,FULLTEXT,TITLE,CREATIONDATE,MODIFICATIONDATE) VALUES  (52,'752126609747154','789419839336785','016574455861808',to_timestamp('03-MAR-15 12.00.00.000000000 AM','DD-MON-RR HH.MI.SSXFF AM'),to_date('03-MAR-15','DD-MON-RR'));
INSERT INTO NM.NEWS (ID,SHORTTEXT,FULLTEXT,TITLE,CREATIONDATE,MODIFICATIONDATE) VALUES  (53,'923597027474370','857861180338689','591738567577463',to_timestamp('03-MAR-15 12.00.00.000000000 AM','DD-MON-RR HH.MI.SSXFF AM'),to_date('03-MAR-15','DD-MON-RR'));
INSERT INTO NM.NEWS (ID,SHORTTEXT,FULLTEXT,TITLE,CREATIONDATE,MODIFICATIONDATE) VALUES  (54,'901215343339544','580408524649816','478357737070660',to_timestamp('03-MAR-15 12.00.00.000000000 AM','DD-MON-RR HH.MI.SSXFF AM'),to_date('03-MAR-15','DD-MON-RR'));
INSERT INTO NM.NEWS (ID,SHORTTEXT,FULLTEXT,TITLE,CREATIONDATE,MODIFICATIONDATE) VALUES  (55,'306912716596883','713827217720516','521020848219368',to_timestamp('03-MAR-15 12.00.00.000000000 AM','DD-MON-RR HH.MI.SSXFF AM'),to_date('03-MAR-15','DD-MON-RR'));
INSERT INTO NM.NEWS (ID,SHORTTEXT,FULLTEXT,TITLE,CREATIONDATE,MODIFICATIONDATE) VALUES  (56,'353201439675750','200880160656698','232897997947540',to_timestamp('03-MAR-15 12.00.00.000000000 AM','DD-MON-RR HH.MI.SSXFF AM'),to_date('03-MAR-15','DD-MON-RR'));
INSERT INTO NM.NEWS (ID,SHORTTEXT,FULLTEXT,TITLE,CREATIONDATE,MODIFICATIONDATE) VALUES  (57,'318822766736594','906959542893520','721588569876347',to_timestamp('03-MAR-15 12.00.00.000000000 AM','DD-MON-RR HH.MI.SSXFF AM'),to_date('03-MAR-15','DD-MON-RR'));
INSERT INTO NM.NEWS (ID,SHORTTEXT,FULLTEXT,TITLE,CREATIONDATE,MODIFICATIONDATE) VALUES  (58,'348648118456214','916005596228763','020792837849950',to_timestamp('03-MAR-15 12.00.00.000000000 AM','DD-MON-RR HH.MI.SSXFF AM'),to_date('03-MAR-15','DD-MON-RR'));
INSERT INTO NM.NEWS (ID,SHORTTEXT,FULLTEXT,TITLE,CREATIONDATE,MODIFICATIONDATE) VALUES  (59,'606190964985512','822320463513912','338915112108673',to_timestamp('03-MAR-15 12.00.00.000000000 AM','DD-MON-RR HH.MI.SSXFF AM'),to_date('03-MAR-15','DD-MON-RR'));
INSERT INTO NM.NEWS (ID,SHORTTEXT,FULLTEXT,TITLE,CREATIONDATE,MODIFICATIONDATE) VALUES  (60,'869892841739860','284659975531528','064005590069719',to_timestamp('03-MAR-15 12.00.00.000000000 AM','DD-MON-RR HH.MI.SSXFF AM'),to_date('03-MAR-15','DD-MON-RR'));
INSERT INTO NM.NEWS (ID,SHORTTEXT,FULLTEXT,TITLE,CREATIONDATE,MODIFICATIONDATE) VALUES  (61,'230905557419778','397417107971021','286281374845592',to_timestamp('03-MAR-15 12.00.00.000000000 AM','DD-MON-RR HH.MI.SSXFF AM'),to_date('03-MAR-15','DD-MON-RR'));
INSERT INTO NM.NEWS (ID,SHORTTEXT,FULLTEXT,TITLE,CREATIONDATE,MODIFICATIONDATE) VALUES  (62,'675816210303331','974528993688535','990042387305405',to_timestamp('03-MAR-15 12.00.00.000000000 AM','DD-MON-RR HH.MI.SSXFF AM'),to_date('03-MAR-15','DD-MON-RR'));
INSERT INTO NM.NEWS (ID,SHORTTEXT,FULLTEXT,TITLE,CREATIONDATE,MODIFICATIONDATE) VALUES  (63,'036926497723969','214555325314811','162410318016130',to_timestamp('03-MAR-15 12.00.00.000000000 AM','DD-MON-RR HH.MI.SSXFF AM'),to_date('03-MAR-15','DD-MON-RR'));
INSERT INTO NM.NEWS (ID,SHORTTEXT,FULLTEXT,TITLE,CREATIONDATE,MODIFICATIONDATE) VALUES  (64,'945624898464142','943003882680775','319120147126469',to_timestamp('03-MAR-15 12.00.00.000000000 AM','DD-MON-RR HH.MI.SSXFF AM'),to_date('03-MAR-15','DD-MON-RR'));
INSERT INTO NM.NEWS (ID,SHORTTEXT,FULLTEXT,TITLE,CREATIONDATE,MODIFICATIONDATE) VALUES  (65,'284547979049360','573704953461320','035375010907215',to_timestamp('03-MAR-15 12.00.00.000000000 AM','DD-MON-RR HH.MI.SSXFF AM'),to_date('03-MAR-15','DD-MON-RR'));
INSERT INTO NM.NEWS (ID,SHORTTEXT,FULLTEXT,TITLE,CREATIONDATE,MODIFICATIONDATE) VALUES  (66,'621775644654969','135073284871898','406071780976619',to_timestamp('03-MAR-15 12.00.00.000000000 AM','DD-MON-RR HH.MI.SSXFF AM'),to_date('03-MAR-15','DD-MON-RR'));
INSERT INTO NM.NEWS (ID,SHORTTEXT,FULLTEXT,TITLE,CREATIONDATE,MODIFICATIONDATE) VALUES  (67,'412380144116133','256782525441679','213458627194170',to_timestamp('03-MAR-15 12.00.00.000000000 AM','DD-MON-RR HH.MI.SSXFF AM'),to_date('03-MAR-15','DD-MON-RR'));
INSERT INTO NM.NEWS (ID,SHORTTEXT,FULLTEXT,TITLE,CREATIONDATE,MODIFICATIONDATE) VALUES  (68,'921891107705133','640847218275263','052937879964032',to_timestamp('03-MAR-15 12.00.00.000000000 AM','DD-MON-RR HH.MI.SSXFF AM'),to_date('03-MAR-15','DD-MON-RR'));
INSERT INTO NM.NEWS (ID,SHORTTEXT,FULLTEXT,TITLE,CREATIONDATE,MODIFICATIONDATE) VALUES  (69,'769866993005489','152711990923335','683677835228680',to_timestamp('03-MAR-15 12.00.00.000000000 AM','DD-MON-RR HH.MI.SSXFF AM'),to_date('03-MAR-15','DD-MON-RR'));
INSERT INTO NM.NEWS (ID,SHORTTEXT,FULLTEXT,TITLE,CREATIONDATE,MODIFICATIONDATE) VALUES  (70,'547964487044344','213570131915673','463402524206531',to_timestamp('03-MAR-15 12.00.00.000000000 AM','DD-MON-RR HH.MI.SSXFF AM'),to_date('03-MAR-15','DD-MON-RR'));
INSERT INTO NM.NEWS (ID,SHORTTEXT,FULLTEXT,TITLE,CREATIONDATE,MODIFICATIONDATE) VALUES  (71,'913021298627163','839256648039858','900892727245942',to_timestamp('03-MAR-15 12.00.00.000000000 AM','DD-MON-RR HH.MI.SSXFF AM'),to_date('03-MAR-15','DD-MON-RR'));
INSERT INTO NM.NEWS (ID,SHORTTEXT,FULLTEXT,TITLE,CREATIONDATE,MODIFICATIONDATE) VALUES  (72,'674476050838104','003729169159171','913334054781093',to_timestamp('03-MAR-15 12.00.00.000000000 AM','DD-MON-RR HH.MI.SSXFF AM'),to_date('03-MAR-15','DD-MON-RR'));
INSERT INTO NM.NEWS (ID,SHORTTEXT,FULLTEXT,TITLE,CREATIONDATE,MODIFICATIONDATE) VALUES  (73,'419892934340085','023388685457245','253692760423514',to_timestamp('03-MAR-15 12.00.00.000000000 AM','DD-MON-RR HH.MI.SSXFF AM'),to_date('03-MAR-15','DD-MON-RR'));
INSERT INTO NM.NEWS (ID,SHORTTEXT,FULLTEXT,TITLE,CREATIONDATE,MODIFICATIONDATE) VALUES  (74,'175112208457095','659761281858210','962642991723272',to_timestamp('03-MAR-15 12.00.00.000000000 AM','DD-MON-RR HH.MI.SSXFF AM'),to_date('03-MAR-15','DD-MON-RR'));
INSERT INTO NM.NEWS (ID,SHORTTEXT,FULLTEXT,TITLE,CREATIONDATE,MODIFICATIONDATE) VALUES  (75,'200980688120767','470453410019318','943352407202679',to_timestamp('03-MAR-15 12.00.00.000000000 AM','DD-MON-RR HH.MI.SSXFF AM'),to_date('03-MAR-15','DD-MON-RR'));
INSERT INTO NM.NEWS (ID,SHORTTEXT,FULLTEXT,TITLE,CREATIONDATE,MODIFICATIONDATE) VALUES  (76,'987460689040311','772640539290838','267453591270858',to_timestamp('03-MAR-15 12.00.00.000000000 AM','DD-MON-RR HH.MI.SSXFF AM'),to_date('03-MAR-15','DD-MON-RR'));
INSERT INTO NM.NEWS (ID,SHORTTEXT,FULLTEXT,TITLE,CREATIONDATE,MODIFICATIONDATE) VALUES  (77,'997291401905900','816395474240803','136244007619860',to_timestamp('03-MAR-15 12.00.00.000000000 AM','DD-MON-RR HH.MI.SSXFF AM'),to_date('03-MAR-15','DD-MON-RR'));
INSERT INTO NM.NEWS (ID,SHORTTEXT,FULLTEXT,TITLE,CREATIONDATE,MODIFICATIONDATE) VALUES  (78,'358965431408139','255107554290791','029511660281466',to_timestamp('03-MAR-15 12.00.00.000000000 AM','DD-MON-RR HH.MI.SSXFF AM'),to_date('03-MAR-15','DD-MON-RR'));
INSERT INTO NM.NEWS (ID,SHORTTEXT,FULLTEXT,TITLE,CREATIONDATE,MODIFICATIONDATE) VALUES  (79,'399956424606228','155623778035183','915446019020962',to_timestamp('03-MAR-15 12.00.00.000000000 AM','DD-MON-RR HH.MI.SSXFF AM'),to_date('03-MAR-15','DD-MON-RR'));
INSERT INTO NM.NEWS (ID,SHORTTEXT,FULLTEXT,TITLE,CREATIONDATE,MODIFICATIONDATE) VALUES  (80,'700533036939909','807186712145934','873258513352706',to_timestamp('03-MAR-15 12.00.00.000000000 AM','DD-MON-RR HH.MI.SSXFF AM'),to_date('03-MAR-15','DD-MON-RR'));
INSERT INTO NM.NEWS (ID,SHORTTEXT,FULLTEXT,TITLE,CREATIONDATE,MODIFICATIONDATE) VALUES  (81,'Short text1','Full text1','Title1',to_timestamp('03-MAR-15 12.00.00.000000000 AM','DD-MON-RR HH.MI.SSXFF AM'),to_date('03-MAR-15','DD-MON-RR'));
INSERT INTO NM.NEWS (ID,SHORTTEXT,FULLTEXT,TITLE,CREATIONDATE,MODIFICATIONDATE) VALUES  (82,'726394803084274','376217249730099','113532372233409',to_timestamp('03-MAR-15 12.00.00.000000000 AM','DD-MON-RR HH.MI.SSXFF AM'),to_date('03-MAR-15','DD-MON-RR'));
INSERT INTO NM.NEWS (ID,SHORTTEXT,FULLTEXT,TITLE,CREATIONDATE,MODIFICATIONDATE) VALUES  (83,'443351445191581','135828351181391','913577874766951',to_timestamp('03-MAR-15 12.00.00.000000000 AM','DD-MON-RR HH.MI.SSXFF AM'),to_date('03-MAR-15','DD-MON-RR'));
INSERT INTO NM.NEWS (ID,SHORTTEXT,FULLTEXT,TITLE,CREATIONDATE,MODIFICATIONDATE) VALUES  (84,'095631971204644','732719724368963','623594304607874',to_timestamp('03-MAR-15 12.00.00.000000000 AM','DD-MON-RR HH.MI.SSXFF AM'),to_date('03-MAR-15','DD-MON-RR'));
INSERT INTO NM.NEWS (ID,SHORTTEXT,FULLTEXT,TITLE,CREATIONDATE,MODIFICATIONDATE) VALUES  (85,'394279487184779','710636015512302','387798259095086',to_timestamp('03-MAR-15 12.00.00.000000000 AM','DD-MON-RR HH.MI.SSXFF AM'),to_date('03-MAR-15','DD-MON-RR'));
INSERT INTO NM.NEWS (ID,SHORTTEXT,FULLTEXT,TITLE,CREATIONDATE,MODIFICATIONDATE) VALUES  (86,'182901439324811','120750902786245','960642174649761',to_timestamp('03-MAR-15 12.00.00.000000000 AM','DD-MON-RR HH.MI.SSXFF AM'),to_date('03-MAR-15','DD-MON-RR'));
INSERT INTO NM.NEWS (ID,SHORTTEXT,FULLTEXT,TITLE,CREATIONDATE,MODIFICATIONDATE) VALUES  (87,'748947849711938','522377195965030','235697399790343',to_timestamp('03-MAR-15 12.00.00.000000000 AM','DD-MON-RR HH.MI.SSXFF AM'),to_date('03-MAR-15','DD-MON-RR'));
INSERT INTO NM.NEWS (ID,SHORTTEXT,FULLTEXT,TITLE,CREATIONDATE,MODIFICATIONDATE) VALUES  (88,'554026152955969','534148937109108','241254132600340',to_timestamp('03-MAR-15 12.00.00.000000000 AM','DD-MON-RR HH.MI.SSXFF AM'),to_date('03-MAR-15','DD-MON-RR'));
INSERT INTO NM.NEWS (ID,SHORTTEXT,FULLTEXT,TITLE,CREATIONDATE,MODIFICATIONDATE) VALUES  (89,'154798224614029','904748787592123','936802628976062',to_timestamp('03-MAR-15 12.00.00.000000000 AM','DD-MON-RR HH.MI.SSXFF AM'),to_date('03-MAR-15','DD-MON-RR'));
INSERT INTO NM.NEWS (ID,SHORTTEXT,FULLTEXT,TITLE,CREATIONDATE,MODIFICATIONDATE) VALUES  (90,'455764211215707','302187133420702','357157013535099',to_timestamp('03-MAR-15 12.00.00.000000000 AM','DD-MON-RR HH.MI.SSXFF AM'),to_date('03-MAR-15','DD-MON-RR'));
INSERT INTO NM.NEWS (ID,SHORTTEXT,FULLTEXT,TITLE,CREATIONDATE,MODIFICATIONDATE) VALUES  (91,'079425037412302','377166340194214','394329041129739',to_timestamp('03-MAR-15 12.00.00.000000000 AM','DD-MON-RR HH.MI.SSXFF AM'),to_date('03-MAR-15','DD-MON-RR'));
INSERT INTO NM.NEWS (ID,SHORTTEXT,FULLTEXT,TITLE,CREATIONDATE,MODIFICATIONDATE) VALUES  (92,'693026488998850','554502107701514','058024736243288',to_timestamp('03-MAR-15 12.00.00.000000000 AM','DD-MON-RR HH.MI.SSXFF AM'),to_date('03-MAR-15','DD-MON-RR'));
INSERT INTO NM.NEWS (ID,SHORTTEXT,FULLTEXT,TITLE,CREATIONDATE,MODIFICATIONDATE) VALUES  (93,'985007388862858','717680041983893','621848541739700',to_timestamp('03-MAR-15 12.00.00.000000000 AM','DD-MON-RR HH.MI.SSXFF AM'),to_date('03-MAR-15','DD-MON-RR'));
INSERT INTO NM.NEWS (ID,SHORTTEXT,FULLTEXT,TITLE,CREATIONDATE,MODIFICATIONDATE) VALUES  (94,'135870329180738','249764992235147','938282964435147',to_timestamp('03-MAR-15 12.00.00.000000000 AM','DD-MON-RR HH.MI.SSXFF AM'),to_date('03-MAR-15','DD-MON-RR'));
INSERT INTO NM.NEWS (ID,SHORTTEXT,FULLTEXT,TITLE,CREATIONDATE,MODIFICATIONDATE) VALUES  (95,'850237105236318','771022070305117','163865139130164',to_timestamp('03-MAR-15 12.00.00.000000000 AM','DD-MON-RR HH.MI.SSXFF AM'),to_date('03-MAR-15','DD-MON-RR'));
INSERT INTO NM.NEWS (ID,SHORTTEXT,FULLTEXT,TITLE,CREATIONDATE,MODIFICATIONDATE) VALUES  (96,'662280959165328','224233172683677','893774247903820',to_timestamp('03-MAR-15 12.00.00.000000000 AM','DD-MON-RR HH.MI.SSXFF AM'),to_date('03-MAR-15','DD-MON-RR'));
INSERT INTO NM.NEWS (ID,SHORTTEXT,FULLTEXT,TITLE,CREATIONDATE,MODIFICATIONDATE) VALUES  (97,'655918718940983','773449319216658','003390743228216',to_timestamp('03-MAR-15 12.00.00.000000000 AM','DD-MON-RR HH.MI.SSXFF AM'),to_date('03-MAR-15','DD-MON-RR'));
INSERT INTO NM.NEWS (ID,SHORTTEXT,FULLTEXT,TITLE,CREATIONDATE,MODIFICATIONDATE) VALUES  (98,'953155978241913','576174853921114','119541677918363',to_timestamp('03-MAR-15 12.00.00.000000000 AM','DD-MON-RR HH.MI.SSXFF AM'),to_date('03-MAR-15','DD-MON-RR'));
INSERT INTO NM.NEWS (ID,SHORTTEXT,FULLTEXT,TITLE,CREATIONDATE,MODIFICATIONDATE) VALUES  (99,'356846230154192','326361532764618','555974889217030',to_timestamp('03-MAR-15 12.00.00.000000000 AM','DD-MON-RR HH.MI.SSXFF AM'),to_date('03-MAR-15','DD-MON-RR'));
INSERT INTO NM.NEWS (ID,SHORTTEXT,FULLTEXT,TITLE,CREATIONDATE,MODIFICATIONDATE) VALUES  (100,'529813322229289','663295976612917','593390492428427',to_timestamp('03-MAR-15 12.00.00.000000000 AM','DD-MON-RR HH.MI.SSXFF AM'),to_date('03-MAR-15','DD-MON-RR'));
INSERT INTO NM.NEWS (ID,SHORTTEXT,FULLTEXT,TITLE,CREATIONDATE,MODIFICATIONDATE) VALUES  (101,'943271520325714','671978895288120','286323047771948',to_timestamp('03-MAR-15 12.00.00.000000000 AM','DD-MON-RR HH.MI.SSXFF AM'),to_date('03-MAR-15','DD-MON-RR'));
INSERT INTO NM.NEWS (ID,SHORTTEXT,FULLTEXT,TITLE,CREATIONDATE,MODIFICATIONDATE) VALUES  (102,'Short text1','Full text1','Title1',to_timestamp('03-MAR-15 12.00.00.000000000 AM','DD-MON-RR HH.MI.SSXFF AM'),to_date('03-MAR-15','DD-MON-RR'));
INSERT INTO NM.NEWS (ID,SHORTTEXT,FULLTEXT,TITLE,CREATIONDATE,MODIFICATIONDATE) VALUES  (103,'519198193138545','338324233275015','496813179235642',to_timestamp('04-MAR-15 12.00.00.000000000 AM','DD-MON-RR HH.MI.SSXFF AM'),to_date('04-MAR-15','DD-MON-RR'));
INSERT INTO NM.NEWS (ID,SHORTTEXT,FULLTEXT,TITLE,CREATIONDATE,MODIFICATIONDATE) VALUES  (104,'266882203039241','562408351355012','870185614237643',to_timestamp('04-MAR-15 12.00.00.000000000 AM','DD-MON-RR HH.MI.SSXFF AM'),to_date('04-MAR-15','DD-MON-RR'));
INSERT INTO NM.NEWS (ID,SHORTTEXT,FULLTEXT,TITLE,CREATIONDATE,MODIFICATIONDATE) VALUES  (105,'470225591843051','706169422606092','624697773982076',to_timestamp('04-MAR-15 12.00.00.000000000 AM','DD-MON-RR HH.MI.SSXFF AM'),to_date('04-MAR-15','DD-MON-RR'));
INSERT INTO NM.NEWS (ID,SHORTTEXT,FULLTEXT,TITLE,CREATIONDATE,MODIFICATIONDATE) VALUES  (106,'697369023030149','532820271082653','916111052440701',to_timestamp('04-MAR-15 12.00.00.000000000 AM','DD-MON-RR HH.MI.SSXFF AM'),to_date('04-MAR-15','DD-MON-RR'));
INSERT INTO NM.NEWS (ID,SHORTTEXT,FULLTEXT,TITLE,CREATIONDATE,MODIFICATIONDATE) VALUES  (107,'976703417359210','658605038096250','895460206771791',to_timestamp('04-MAR-15 12.00.00.000000000 AM','DD-MON-RR HH.MI.SSXFF AM'),to_date('04-MAR-15','DD-MON-RR'));
INSERT INTO NM.NEWS (ID,SHORTTEXT,FULLTEXT,TITLE,CREATIONDATE,MODIFICATIONDATE) VALUES  (108,'125715511669080','128752987566112','926950888837224',to_timestamp('04-MAR-15 12.00.00.000000000 AM','DD-MON-RR HH.MI.SSXFF AM'),to_date('04-MAR-15','DD-MON-RR'));
INSERT INTO NM.NEWS (ID,SHORTTEXT,FULLTEXT,TITLE,CREATIONDATE,MODIFICATIONDATE) VALUES  (109,'418634173507960','150695773797244','999795347206442',to_timestamp('04-MAR-15 12.00.00.000000000 AM','DD-MON-RR HH.MI.SSXFF AM'),to_date('04-MAR-15','DD-MON-RR'));
INSERT INTO NM.NEWS (ID,SHORTTEXT,FULLTEXT,TITLE,CREATIONDATE,MODIFICATIONDATE) VALUES  (110,'981448974556793','747395221906919','624411464229002',to_timestamp('04-MAR-15 12.00.00.000000000 AM','DD-MON-RR HH.MI.SSXFF AM'),to_date('04-MAR-15','DD-MON-RR'));
INSERT INTO NM.NEWS (ID,SHORTTEXT,FULLTEXT,TITLE,CREATIONDATE,MODIFICATIONDATE) VALUES  (111,'140436915949234','087141779364038','265007838672413',to_timestamp('04-MAR-15 12.00.00.000000000 AM','DD-MON-RR HH.MI.SSXFF AM'),to_date('04-MAR-15','DD-MON-RR'));
INSERT INTO NM.NEWS (ID,SHORTTEXT,FULLTEXT,TITLE,CREATIONDATE,MODIFICATIONDATE) VALUES  (112,'524277649072330','600840346735403','849639021498281',to_timestamp('04-MAR-15 12.00.00.000000000 AM','DD-MON-RR HH.MI.SSXFF AM'),to_date('04-MAR-15','DD-MON-RR'));
INSERT INTO NM.NEWS (ID,SHORTTEXT,FULLTEXT,TITLE,CREATIONDATE,MODIFICATIONDATE) VALUES  (113,'700134840390826','609036561151585','063033875240154',to_timestamp('04-MAR-15 12.00.00.000000000 AM','DD-MON-RR HH.MI.SSXFF AM'),to_date('04-MAR-15','DD-MON-RR'));
INSERT INTO NM.NEWS (ID,SHORTTEXT,FULLTEXT,TITLE,CREATIONDATE,MODIFICATIONDATE) VALUES  (114,'148291069075158','642851811434657','512852819287394',to_timestamp('04-MAR-15 12.00.00.000000000 AM','DD-MON-RR HH.MI.SSXFF AM'),to_date('04-MAR-15','DD-MON-RR'));
INSERT INTO NM.NEWS (ID,SHORTTEXT,FULLTEXT,TITLE,CREATIONDATE,MODIFICATIONDATE) VALUES  (115,'307845053006553','992573003600088','805987285973156',to_timestamp('04-MAR-15 12.00.00.000000000 AM','DD-MON-RR HH.MI.SSXFF AM'),to_date('04-MAR-15','DD-MON-RR'));
INSERT INTO NM.NEWS (ID,SHORTTEXT,FULLTEXT,TITLE,CREATIONDATE,MODIFICATIONDATE) VALUES  (116,'310810357814320','481377782455127','561320158562819',to_timestamp('04-MAR-15 12.00.00.000000000 AM','DD-MON-RR HH.MI.SSXFF AM'),to_date('04-MAR-15','DD-MON-RR'));
INSERT INTO NM.NEWS (ID,SHORTTEXT,FULLTEXT,TITLE,CREATIONDATE,MODIFICATIONDATE) VALUES  (117,'531046011345374','562264327844139','838384468842620',to_timestamp('04-MAR-15 12.00.00.000000000 AM','DD-MON-RR HH.MI.SSXFF AM'),to_date('04-MAR-15','DD-MON-RR'));
INSERT INTO NM.NEWS (ID,SHORTTEXT,FULLTEXT,TITLE,CREATIONDATE,MODIFICATIONDATE) VALUES  (118,'751962470019678','614701657990266','810155533007613',to_timestamp('04-MAR-15 12.00.00.000000000 AM','DD-MON-RR HH.MI.SSXFF AM'),to_date('04-MAR-15','DD-MON-RR'));
INSERT INTO NM.NEWS (ID,SHORTTEXT,FULLTEXT,TITLE,CREATIONDATE,MODIFICATIONDATE) VALUES  (119,'158241360266148','517109838565152','785039396964377',to_timestamp('04-MAR-15 12.00.00.000000000 AM','DD-MON-RR HH.MI.SSXFF AM'),to_date('04-MAR-15','DD-MON-RR'));
INSERT INTO NM.NEWS (ID,SHORTTEXT,FULLTEXT,TITLE,CREATIONDATE,MODIFICATIONDATE) VALUES  (120,'234682120793101','174193640064688','801731190007074',to_timestamp('04-MAR-15 12.00.00.000000000 AM','DD-MON-RR HH.MI.SSXFF AM'),to_date('04-MAR-15','DD-MON-RR'));
INSERT INTO NM.NEWS (ID,SHORTTEXT,FULLTEXT,TITLE,CREATIONDATE,MODIFICATIONDATE) VALUES  (121,'024510013094944','089751716183978','713217742617535',to_timestamp('04-MAR-15 12.00.00.000000000 AM','DD-MON-RR HH.MI.SSXFF AM'),to_date('04-MAR-15','DD-MON-RR'));
INSERT INTO NM.NEWS (ID,SHORTTEXT,FULLTEXT,TITLE,CREATIONDATE,MODIFICATIONDATE) VALUES  (122,'517854478264096','080977140254447','162604336967638',to_timestamp('04-MAR-15 12.00.00.000000000 AM','DD-MON-RR HH.MI.SSXFF AM'),to_date('04-MAR-15','DD-MON-RR'));
INSERT INTO NM.NEWS (ID,SHORTTEXT,FULLTEXT,TITLE,CREATIONDATE,MODIFICATIONDATE) VALUES  (123,'Short text1','Full text1','Title1',to_timestamp('04-MAR-15 12.00.00.000000000 AM','DD-MON-RR HH.MI.SSXFF AM'),to_date('04-MAR-15','DD-MON-RR'));
INSERT INTO NM.NEWS (ID,SHORTTEXT,FULLTEXT,TITLE,CREATIONDATE,MODIFICATIONDATE) VALUES  (124,'414805118307870','250940875977130','860471946477759',to_timestamp('04-MAR-15 12.00.00.000000000 AM','DD-MON-RR HH.MI.SSXFF AM'),to_date('04-MAR-15','DD-MON-RR'));
INSERT INTO NM.NEWS (ID,SHORTTEXT,FULLTEXT,TITLE,CREATIONDATE,MODIFICATIONDATE) VALUES  (125,'186439147463839','753501553917614','330295287155168',to_timestamp('04-MAR-15 12.00.00.000000000 AM','DD-MON-RR HH.MI.SSXFF AM'),to_date('04-MAR-15','DD-MON-RR'));
INSERT INTO NM.NEWS (ID,SHORTTEXT,FULLTEXT,TITLE,CREATIONDATE,MODIFICATIONDATE) VALUES  (126,'705566879256610','250902696097161','179515104504845',to_timestamp('04-MAR-15 12.00.00.000000000 AM','DD-MON-RR HH.MI.SSXFF AM'),to_date('04-MAR-15','DD-MON-RR'));
INSERT INTO NM.NEWS (ID,SHORTTEXT,FULLTEXT,TITLE,CREATIONDATE,MODIFICATIONDATE) VALUES  (127,'056848696862934','099865693437613','488950304206764',to_timestamp('04-MAR-15 12.00.00.000000000 AM','DD-MON-RR HH.MI.SSXFF AM'),to_date('04-MAR-15','DD-MON-RR'));
INSERT INTO NM.NEWS (ID,SHORTTEXT,FULLTEXT,TITLE,CREATIONDATE,MODIFICATIONDATE) VALUES  (128,'796248061795579','547139330106494','391053735854021',to_timestamp('04-MAR-15 12.00.00.000000000 AM','DD-MON-RR HH.MI.SSXFF AM'),to_date('04-MAR-15','DD-MON-RR'));
INSERT INTO NM.NEWS (ID,SHORTTEXT,FULLTEXT,TITLE,CREATIONDATE,MODIFICATIONDATE) VALUES  (129,'329881653837714','739763284491140','634571466573711',to_timestamp('04-MAR-15 12.00.00.000000000 AM','DD-MON-RR HH.MI.SSXFF AM'),to_date('04-MAR-15','DD-MON-RR'));
INSERT INTO NM.NEWS (ID,SHORTTEXT,FULLTEXT,TITLE,CREATIONDATE,MODIFICATIONDATE) VALUES  (130,'653301532223440','609627535021404','612907231940317',to_timestamp('04-MAR-15 12.00.00.000000000 AM','DD-MON-RR HH.MI.SSXFF AM'),to_date('04-MAR-15','DD-MON-RR'));
INSERT INTO NM.NEWS (ID,SHORTTEXT,FULLTEXT,TITLE,CREATIONDATE,MODIFICATIONDATE) VALUES  (131,'892604210917692','369336887678638','952134673604296',to_timestamp('04-MAR-15 12.00.00.000000000 AM','DD-MON-RR HH.MI.SSXFF AM'),to_date('04-MAR-15','DD-MON-RR'));
INSERT INTO NM.NEWS (ID,SHORTTEXT,FULLTEXT,TITLE,CREATIONDATE,MODIFICATIONDATE) VALUES  (132,'589230763943283','984002265066745','452065392029415',to_timestamp('04-MAR-15 12.00.00.000000000 AM','DD-MON-RR HH.MI.SSXFF AM'),to_date('04-MAR-15','DD-MON-RR'));
INSERT INTO NM.NEWS (ID,SHORTTEXT,FULLTEXT,TITLE,CREATIONDATE,MODIFICATIONDATE) VALUES  (133,'177160044553102','831211357411700','875935787153653',to_timestamp('04-MAR-15 12.00.00.000000000 AM','DD-MON-RR HH.MI.SSXFF AM'),to_date('04-MAR-15','DD-MON-RR'));
INSERT INTO NM.NEWS (ID,SHORTTEXT,FULLTEXT,TITLE,CREATIONDATE,MODIFICATIONDATE) VALUES  (134,'949423664529143','364705720571086','127702993315037',to_timestamp('04-MAR-15 12.00.00.000000000 AM','DD-MON-RR HH.MI.SSXFF AM'),to_date('04-MAR-15','DD-MON-RR'));
INSERT INTO NM.NEWS (ID,SHORTTEXT,FULLTEXT,TITLE,CREATIONDATE,MODIFICATIONDATE) VALUES  (135,'286393133694704','295959008817701','251954118233475',to_timestamp('04-MAR-15 12.00.00.000000000 AM','DD-MON-RR HH.MI.SSXFF AM'),to_date('04-MAR-15','DD-MON-RR'));
INSERT INTO NM.NEWS (ID,SHORTTEXT,FULLTEXT,TITLE,CREATIONDATE,MODIFICATIONDATE) VALUES  (136,'572850785825065','758758405822636','170657637709526',to_timestamp('04-MAR-15 12.00.00.000000000 AM','DD-MON-RR HH.MI.SSXFF AM'),to_date('04-MAR-15','DD-MON-RR'));
INSERT INTO NM.NEWS (ID,SHORTTEXT,FULLTEXT,TITLE,CREATIONDATE,MODIFICATIONDATE) VALUES  (137,'463654594989617','550547603991486','846450360229482',to_timestamp('04-MAR-15 12.00.00.000000000 AM','DD-MON-RR HH.MI.SSXFF AM'),to_date('04-MAR-15','DD-MON-RR'));
INSERT INTO NM.NEWS (ID,SHORTTEXT,FULLTEXT,TITLE,CREATIONDATE,MODIFICATIONDATE) VALUES  (138,'022048540115641','205042705384873','188555555198620',to_timestamp('04-MAR-15 12.00.00.000000000 AM','DD-MON-RR HH.MI.SSXFF AM'),to_date('04-MAR-15','DD-MON-RR'));
INSERT INTO NM.NEWS (ID,SHORTTEXT,FULLTEXT,TITLE,CREATIONDATE,MODIFICATIONDATE) VALUES  (139,'972068671399909','760004791782681','703726247942457',to_timestamp('04-MAR-15 12.00.00.000000000 AM','DD-MON-RR HH.MI.SSXFF AM'),to_date('04-MAR-15','DD-MON-RR'));
INSERT INTO NM.NEWS (ID,SHORTTEXT,FULLTEXT,TITLE,CREATIONDATE,MODIFICATIONDATE) VALUES  (140,'355855695590493','569394242624316','734675834444233',to_timestamp('04-MAR-15 12.00.00.000000000 AM','DD-MON-RR HH.MI.SSXFF AM'),to_date('04-MAR-15','DD-MON-RR'));
INSERT INTO NM.NEWS (ID,SHORTTEXT,FULLTEXT,TITLE,CREATIONDATE,MODIFICATIONDATE) VALUES  (141,'262136876451172','932937496362598','438187584583401',to_timestamp('04-MAR-15 12.00.00.000000000 AM','DD-MON-RR HH.MI.SSXFF AM'),to_date('04-MAR-15','DD-MON-RR'));
INSERT INTO NM.NEWS (ID,SHORTTEXT,FULLTEXT,TITLE,CREATIONDATE,MODIFICATIONDATE) VALUES  (142,'753665866320316','364043539650957','773531085870749',to_timestamp('04-MAR-15 12.00.00.000000000 AM','DD-MON-RR HH.MI.SSXFF AM'),to_date('04-MAR-15','DD-MON-RR'));
INSERT INTO NM.NEWS (ID,SHORTTEXT,FULLTEXT,TITLE,CREATIONDATE,MODIFICATIONDATE) VALUES  (143,'243937265790403','287245799824802','826834884130150',to_timestamp('04-MAR-15 12.00.00.000000000 AM','DD-MON-RR HH.MI.SSXFF AM'),to_date('04-MAR-15','DD-MON-RR'));
INSERT INTO NM.NEWS (ID,SHORTTEXT,FULLTEXT,TITLE,CREATIONDATE,MODIFICATIONDATE) VALUES  (144,'Short text1','Full text1','Title1',to_timestamp('04-MAR-15 12.00.00.000000000 AM','DD-MON-RR HH.MI.SSXFF AM'),to_date('04-MAR-15','DD-MON-RR'));

INSERT INTO NM.NEWSAUTHOR (ID,NEWSID,AUTHORID) VALUES  (1,7,19);
INSERT INTO NM.NEWSAUTHOR (ID,NEWSID,AUTHORID) VALUES  (2,15,6);
INSERT INTO NM.NEWSAUTHOR (ID,NEWSID,AUTHORID) VALUES  (4,10,6);
INSERT INTO NM.NEWSAUTHOR (ID,NEWSID,AUTHORID) VALUES  (5,12,18);
INSERT INTO NM.NEWSAUTHOR (ID,NEWSID,AUTHORID) VALUES  (6,6,3);
INSERT INTO NM.NEWSAUTHOR (ID,NEWSID,AUTHORID) VALUES  (7,11,19);
INSERT INTO NM.NEWSAUTHOR (ID,NEWSID,AUTHORID) VALUES  (8,19,11);
INSERT INTO NM.NEWSAUTHOR (ID,NEWSID,AUTHORID) VALUES  (9,18,14);
INSERT INTO NM.NEWSAUTHOR (ID,NEWSID,AUTHORID) VALUES  (10,10,7);
INSERT INTO NM.NEWSAUTHOR (ID,NEWSID,AUTHORID) VALUES  (11,1,4);
INSERT INTO NM.NEWSAUTHOR (ID,NEWSID,AUTHORID) VALUES  (12,6,10);
INSERT INTO NM.NEWSAUTHOR (ID,NEWSID,AUTHORID) VALUES  (13,7,5);
INSERT INTO NM.NEWSAUTHOR (ID,NEWSID,AUTHORID) VALUES  (14,2,10);
INSERT INTO NM.NEWSAUTHOR (ID,NEWSID,AUTHORID) VALUES  (15,10,5);
INSERT INTO NM.NEWSAUTHOR (ID,NEWSID,AUTHORID) VALUES  (16,2,7);
INSERT INTO NM.NEWSAUTHOR (ID,NEWSID,AUTHORID) VALUES  (17,18,12);
INSERT INTO NM.NEWSAUTHOR (ID,NEWSID,AUTHORID) VALUES  (18,18,15);
INSERT INTO NM.NEWSAUTHOR (ID,NEWSID,AUTHORID) VALUES  (19,14,4);
INSERT INTO NM.NEWSAUTHOR (ID,NEWSID,AUTHORID) VALUES  (20,11,8);
INSERT INTO NM.NEWSAUTHOR (ID,NEWSID,AUTHORID) VALUES  (21,4,7);
INSERT INTO NM.NEWSAUTHOR (ID,NEWSID,AUTHORID) VALUES  (22,10,14);
INSERT INTO NM.NEWSAUTHOR (ID,NEWSID,AUTHORID) VALUES  (23,14,15);
INSERT INTO NM.NEWSAUTHOR (ID,NEWSID,AUTHORID) VALUES  (24,9,11);
INSERT INTO NM.NEWSAUTHOR (ID,NEWSID,AUTHORID) VALUES  (25,10,12);
INSERT INTO NM.NEWSAUTHOR (ID,NEWSID,AUTHORID) VALUES  (26,5,6);
INSERT INTO NM.NEWSAUTHOR (ID,NEWSID,AUTHORID) VALUES  (27,4,15);
INSERT INTO NM.NEWSAUTHOR (ID,NEWSID,AUTHORID) VALUES  (28,7,14);
INSERT INTO NM.NEWSAUTHOR (ID,NEWSID,AUTHORID) VALUES  (29,6,7);
INSERT INTO NM.NEWSAUTHOR (ID,NEWSID,AUTHORID) VALUES  (30,1,11);
INSERT INTO NM.NEWSAUTHOR (ID,NEWSID,AUTHORID) VALUES  (31,12,2);
INSERT INTO NM.NEWSAUTHOR (ID,NEWSID,AUTHORID) VALUES  (32,16,1);
INSERT INTO NM.NEWSAUTHOR (ID,NEWSID,AUTHORID) VALUES  (33,11,14);
INSERT INTO NM.NEWSAUTHOR (ID,NEWSID,AUTHORID) VALUES  (34,13,4);
INSERT INTO NM.NEWSAUTHOR (ID,NEWSID,AUTHORID) VALUES  (35,11,18);
INSERT INTO NM.NEWSAUTHOR (ID,NEWSID,AUTHORID) VALUES  (36,17,5);
INSERT INTO NM.NEWSAUTHOR (ID,NEWSID,AUTHORID) VALUES  (37,18,8);
INSERT INTO NM.NEWSAUTHOR (ID,NEWSID,AUTHORID) VALUES  (38,15,6);
INSERT INTO NM.NEWSAUTHOR (ID,NEWSID,AUTHORID) VALUES  (39,11,12);
INSERT INTO NM.NEWSAUTHOR (ID,NEWSID,AUTHORID) VALUES  (40,11,10);
INSERT INTO NM.NEWSAUTHOR (ID,NEWSID,AUTHORID) VALUES  (41,2,4);
INSERT INTO NM.NEWSAUTHOR (ID,NEWSID,AUTHORID) VALUES  (42,3,3);
INSERT INTO NM.NEWSAUTHOR (ID,NEWSID,AUTHORID) VALUES  (43,3,6);
INSERT INTO NM.NEWSAUTHOR (ID,NEWSID,AUTHORID) VALUES  (44,8,7);
INSERT INTO NM.NEWSAUTHOR (ID,NEWSID,AUTHORID) VALUES  (45,18,1);
INSERT INTO NM.NEWSAUTHOR (ID,NEWSID,AUTHORID) VALUES  (46,8,5);
INSERT INTO NM.NEWSAUTHOR (ID,NEWSID,AUTHORID) VALUES  (47,13,2);
INSERT INTO NM.NEWSAUTHOR (ID,NEWSID,AUTHORID) VALUES  (48,8,4);
INSERT INTO NM.NEWSAUTHOR (ID,NEWSID,AUTHORID) VALUES  (49,2,16);
INSERT INTO NM.NEWSAUTHOR (ID,NEWSID,AUTHORID) VALUES  (50,4,3);
INSERT INTO NM.NEWSAUTHOR (ID,NEWSID,AUTHORID) VALUES  (51,1,1);
INSERT INTO NM.NEWSAUTHOR (ID,NEWSID,AUTHORID) VALUES  (52,8,1);
INSERT INTO NM.NEWSAUTHOR (ID,NEWSID,AUTHORID) VALUES  (53,2,19);
INSERT INTO NM.NEWSAUTHOR (ID,NEWSID,AUTHORID) VALUES  (54,18,9);
INSERT INTO NM.NEWSAUTHOR (ID,NEWSID,AUTHORID) VALUES  (55,9,8);
INSERT INTO NM.NEWSAUTHOR (ID,NEWSID,AUTHORID) VALUES  (56,18,4);
INSERT INTO NM.NEWSAUTHOR (ID,NEWSID,AUTHORID) VALUES  (57,4,9);
INSERT INTO NM.NEWSAUTHOR (ID,NEWSID,AUTHORID) VALUES  (58,9,6);
INSERT INTO NM.NEWSAUTHOR (ID,NEWSID,AUTHORID) VALUES  (59,6,17);
INSERT INTO NM.NEWSAUTHOR (ID,NEWSID,AUTHORID) VALUES  (60,5,9);
INSERT INTO NM.NEWSAUTHOR (ID,NEWSID,AUTHORID) VALUES  (61,17,11);
INSERT INTO NM.NEWSAUTHOR (ID,NEWSID,AUTHORID) VALUES  (62,12,8);
INSERT INTO NM.NEWSAUTHOR (ID,NEWSID,AUTHORID) VALUES  (63,4,15);
INSERT INTO NM.NEWSAUTHOR (ID,NEWSID,AUTHORID) VALUES  (64,18,14);
INSERT INTO NM.NEWSAUTHOR (ID,NEWSID,AUTHORID) VALUES  (65,4,5);
INSERT INTO NM.NEWSAUTHOR (ID,NEWSID,AUTHORID) VALUES  (66,1,6);
INSERT INTO NM.NEWSAUTHOR (ID,NEWSID,AUTHORID) VALUES  (67,4,1);
INSERT INTO NM.NEWSAUTHOR (ID,NEWSID,AUTHORID) VALUES  (68,9,15);
INSERT INTO NM.NEWSAUTHOR (ID,NEWSID,AUTHORID) VALUES  (69,3,7);
INSERT INTO NM.NEWSAUTHOR (ID,NEWSID,AUTHORID) VALUES  (70,10,6);
INSERT INTO NM.NEWSAUTHOR (ID,NEWSID,AUTHORID) VALUES  (71,13,4);
INSERT INTO NM.NEWSAUTHOR (ID,NEWSID,AUTHORID) VALUES  (72,9,9);
INSERT INTO NM.NEWSAUTHOR (ID,NEWSID,AUTHORID) VALUES  (73,14,2);
INSERT INTO NM.NEWSAUTHOR (ID,NEWSID,AUTHORID) VALUES  (74,9,10);
INSERT INTO NM.NEWSAUTHOR (ID,NEWSID,AUTHORID) VALUES  (75,12,19);
INSERT INTO NM.NEWSAUTHOR (ID,NEWSID,AUTHORID) VALUES  (76,8,10);
INSERT INTO NM.NEWSAUTHOR (ID,NEWSID,AUTHORID) VALUES  (77,2,16);
INSERT INTO NM.NEWSAUTHOR (ID,NEWSID,AUTHORID) VALUES  (78,9,14);
INSERT INTO NM.NEWSAUTHOR (ID,NEWSID,AUTHORID) VALUES  (79,7,12);
INSERT INTO NM.NEWSAUTHOR (ID,NEWSID,AUTHORID) VALUES  (80,3,8);
INSERT INTO NM.NEWSAUTHOR (ID,NEWSID,AUTHORID) VALUES  (81,5,4);
INSERT INTO NM.NEWSAUTHOR (ID,NEWSID,AUTHORID) VALUES  (82,17,19);
INSERT INTO NM.NEWSAUTHOR (ID,NEWSID,AUTHORID) VALUES  (83,1,9);

INSERT INTO NM.NEWSTAG (ID,NEWSID,TAGID) VALUES  (1,6,6);
INSERT INTO NM.NEWSTAG (ID,NEWSID,TAGID) VALUES  (2,7,11);
INSERT INTO NM.NEWSTAG (ID,NEWSID,TAGID) VALUES  (3,9,2);
INSERT INTO NM.NEWSTAG (ID,NEWSID,TAGID) VALUES  (4,15,2);
INSERT INTO NM.NEWSTAG (ID,NEWSID,TAGID) VALUES  (5,14,12);
INSERT INTO NM.NEWSTAG (ID,NEWSID,TAGID) VALUES  (6,8,5);
INSERT INTO NM.NEWSTAG (ID,NEWSID,TAGID) VALUES  (7,17,10);
INSERT INTO NM.NEWSTAG (ID,NEWSID,TAGID) VALUES  (8,6,15);
INSERT INTO NM.NEWSTAG (ID,NEWSID,TAGID) VALUES  (9,4,2);
INSERT INTO NM.NEWSTAG (ID,NEWSID,TAGID) VALUES  (10,1,4);
INSERT INTO NM.NEWSTAG (ID,NEWSID,TAGID) VALUES  (11,8,11);
INSERT INTO NM.NEWSTAG (ID,NEWSID,TAGID) VALUES  (12,3,14);
INSERT INTO NM.NEWSTAG (ID,NEWSID,TAGID) VALUES  (13,14,11);
INSERT INTO NM.NEWSTAG (ID,NEWSID,TAGID) VALUES  (14,13,17);
INSERT INTO NM.NEWSTAG (ID,NEWSID,TAGID) VALUES  (15,9,14);
INSERT INTO NM.NEWSTAG (ID,NEWSID,TAGID) VALUES  (16,11,17);
INSERT INTO NM.NEWSTAG (ID,NEWSID,TAGID) VALUES  (17,4,7);
INSERT INTO NM.NEWSTAG (ID,NEWSID,TAGID) VALUES  (18,19,12);
INSERT INTO NM.NEWSTAG (ID,NEWSID,TAGID) VALUES  (19,6,19);
INSERT INTO NM.NEWSTAG (ID,NEWSID,TAGID) VALUES  (20,5,14);
INSERT INTO NM.NEWSTAG (ID,NEWSID,TAGID) VALUES  (21,8,6);
INSERT INTO NM.NEWSTAG (ID,NEWSID,TAGID) VALUES  (22,12,5);
INSERT INTO NM.NEWSTAG (ID,NEWSID,TAGID) VALUES  (23,14,1);
INSERT INTO NM.NEWSTAG (ID,NEWSID,TAGID) VALUES  (24,2,11);
INSERT INTO NM.NEWSTAG (ID,NEWSID,TAGID) VALUES  (25,5,4);
INSERT INTO NM.NEWSTAG (ID,NEWSID,TAGID) VALUES  (26,10,16);
INSERT INTO NM.NEWSTAG (ID,NEWSID,TAGID) VALUES  (27,2,15);
INSERT INTO NM.NEWSTAG (ID,NEWSID,TAGID) VALUES  (28,18,12);
INSERT INTO NM.NEWSTAG (ID,NEWSID,TAGID) VALUES  (29,2,4);
INSERT INTO NM.NEWSTAG (ID,NEWSID,TAGID) VALUES  (30,5,5);
INSERT INTO NM.NEWSTAG (ID,NEWSID,TAGID) VALUES  (31,15,13);
INSERT INTO NM.NEWSTAG (ID,NEWSID,TAGID) VALUES  (32,9,19);
INSERT INTO NM.NEWSTAG (ID,NEWSID,TAGID) VALUES  (33,10,2);
INSERT INTO NM.NEWSTAG (ID,NEWSID,TAGID) VALUES  (34,18,13);
INSERT INTO NM.NEWSTAG (ID,NEWSID,TAGID) VALUES  (35,11,3);
INSERT INTO NM.NEWSTAG (ID,NEWSID,TAGID) VALUES  (36,10,13);
INSERT INTO NM.NEWSTAG (ID,NEWSID,TAGID) VALUES  (37,16,18);
INSERT INTO NM.NEWSTAG (ID,NEWSID,TAGID) VALUES  (38,8,2);
INSERT INTO NM.NEWSTAG (ID,NEWSID,TAGID) VALUES  (39,2,10);
INSERT INTO NM.NEWSTAG (ID,NEWSID,TAGID) VALUES  (40,16,8);
INSERT INTO NM.NEWSTAG (ID,NEWSID,TAGID) VALUES  (41,11,16);
INSERT INTO NM.NEWSTAG (ID,NEWSID,TAGID) VALUES  (42,8,19);
INSERT INTO NM.NEWSTAG (ID,NEWSID,TAGID) VALUES  (43,8,3);
INSERT INTO NM.NEWSTAG (ID,NEWSID,TAGID) VALUES  (44,12,16);
INSERT INTO NM.NEWSTAG (ID,NEWSID,TAGID) VALUES  (45,13,15);
INSERT INTO NM.NEWSTAG (ID,NEWSID,TAGID) VALUES  (46,5,13);
INSERT INTO NM.NEWSTAG (ID,NEWSID,TAGID) VALUES  (47,11,17);
INSERT INTO NM.NEWSTAG (ID,NEWSID,TAGID) VALUES  (48,16,10);
INSERT INTO NM.NEWSTAG (ID,NEWSID,TAGID) VALUES  (49,15,11);
INSERT INTO NM.NEWSTAG (ID,NEWSID,TAGID) VALUES  (50,15,17);
INSERT INTO NM.NEWSTAG (ID,NEWSID,TAGID) VALUES  (51,5,16);
INSERT INTO NM.NEWSTAG (ID,NEWSID,TAGID) VALUES  (52,7,12);
INSERT INTO NM.NEWSTAG (ID,NEWSID,TAGID) VALUES  (53,4,19);
INSERT INTO NM.NEWSTAG (ID,NEWSID,TAGID) VALUES  (54,15,10);
INSERT INTO NM.NEWSTAG (ID,NEWSID,TAGID) VALUES  (55,4,11);
INSERT INTO NM.NEWSTAG (ID,NEWSID,TAGID) VALUES  (56,11,5);
INSERT INTO NM.NEWSTAG (ID,NEWSID,TAGID) VALUES  (57,12,9);
INSERT INTO NM.NEWSTAG (ID,NEWSID,TAGID) VALUES  (58,5,17);
INSERT INTO NM.NEWSTAG (ID,NEWSID,TAGID) VALUES  (59,8,6);
INSERT INTO NM.NEWSTAG (ID,NEWSID,TAGID) VALUES  (60,15,17);
INSERT INTO NM.NEWSTAG (ID,NEWSID,TAGID) VALUES  (61,2,18);
INSERT INTO NM.NEWSTAG (ID,NEWSID,TAGID) VALUES  (62,16,9);
INSERT INTO NM.NEWSTAG (ID,NEWSID,TAGID) VALUES  (63,16,7);
INSERT INTO NM.NEWSTAG (ID,NEWSID,TAGID) VALUES  (64,7,3);
INSERT INTO NM.NEWSTAG (ID,NEWSID,TAGID) VALUES  (65,16,3);
INSERT INTO NM.NEWSTAG (ID,NEWSID,TAGID) VALUES  (66,17,1);
INSERT INTO NM.NEWSTAG (ID,NEWSID,TAGID) VALUES  (67,7,16);
INSERT INTO NM.NEWSTAG (ID,NEWSID,TAGID) VALUES  (68,2,11);
INSERT INTO NM.NEWSTAG (ID,NEWSID,TAGID) VALUES  (69,19,14);
INSERT INTO NM.NEWSTAG (ID,NEWSID,TAGID) VALUES  (70,13,10);
INSERT INTO NM.NEWSTAG (ID,NEWSID,TAGID) VALUES  (71,12,6);
INSERT INTO NM.NEWSTAG (ID,NEWSID,TAGID) VALUES  (72,1,11);
INSERT INTO NM.NEWSTAG (ID,NEWSID,TAGID) VALUES  (73,5,18);
INSERT INTO NM.NEWSTAG (ID,NEWSID,TAGID) VALUES  (74,18,9);
INSERT INTO NM.NEWSTAG (ID,NEWSID,TAGID) VALUES  (75,17,18);
INSERT INTO NM.NEWSTAG (ID,NEWSID,TAGID) VALUES  (76,14,19);
INSERT INTO NM.NEWSTAG (ID,NEWSID,TAGID) VALUES  (77,7,7);
INSERT INTO NM.NEWSTAG (ID,NEWSID,TAGID) VALUES  (78,7,8);
INSERT INTO NM.NEWSTAG (ID,NEWSID,TAGID) VALUES  (79,1,4);
INSERT INTO NM.NEWSTAG (ID,NEWSID,TAGID) VALUES  (80,6,6);
INSERT INTO NM.TAG (ID,TAGNAME) VALUES  (1,'638043983637274');
INSERT INTO NM.TAG (ID,TAGNAME) VALUES  (2,'842488778358076');
INSERT INTO NM.TAG (ID,TAGNAME) VALUES  (3,'034172124621864');
INSERT INTO NM.TAG (ID,TAGNAME) VALUES  (4,'007465092897683');
INSERT INTO NM.TAG (ID,TAGNAME) VALUES  (5,'479599014654585');
INSERT INTO NM.TAG (ID,TAGNAME) VALUES  (6,'180942012600207');
INSERT INTO NM.TAG (ID,TAGNAME) VALUES  (7,'116481598388567');
INSERT INTO NM.TAG (ID,TAGNAME) VALUES  (8,'220491315646280');
INSERT INTO NM.TAG (ID,TAGNAME) VALUES  (9,'258739437877743');
INSERT INTO NM.TAG (ID,TAGNAME) VALUES  (10,'652349615708313');
INSERT INTO NM.TAG (ID,TAGNAME) VALUES  (11,'728202722789181');
INSERT INTO NM.TAG (ID,TAGNAME) VALUES  (12,'487705338704857');
INSERT INTO NM.TAG (ID,TAGNAME) VALUES  (13,'240425782287074');
INSERT INTO NM.TAG (ID,TAGNAME) VALUES  (14,'268797332605158');
INSERT INTO NM.TAG (ID,TAGNAME) VALUES  (15,'674861154593803');
INSERT INTO NM.TAG (ID,TAGNAME) VALUES  (16,'417222903054189');
INSERT INTO NM.TAG (ID,TAGNAME) VALUES  (17,'002507350394007');
INSERT INTO NM.TAG (ID,TAGNAME) VALUES  (18,'944898309648103');
INSERT INTO NM.TAG (ID,TAGNAME) VALUES  (19,'128782373098542');
INSERT INTO NM.TAG (ID,TAGNAME) VALUES  (20,'005228090471191');
INSERT INTO NM.TAG (ID,TAGNAME) VALUES  (21,'689877575681031');
INSERT INTO NM.TAG (ID,TAGNAME) VALUES  (22,'862433118451142');
INSERT INTO NM.TAG (ID,TAGNAME) VALUES  (23,'949250965072112');
INSERT INTO NM.TAG (ID,TAGNAME) VALUES  (24,'462192968271137');
INSERT INTO NM.TAG (ID,TAGNAME) VALUES  (25,'539032115248444');
INSERT INTO NM.TAG (ID,TAGNAME) VALUES  (26,'153800906747751');
INSERT INTO NM.TAG (ID,TAGNAME) VALUES  (27,'964663046662127');
INSERT INTO NM.TAG (ID,TAGNAME) VALUES  (28,'226526084458325');
INSERT INTO NM.TAG (ID,TAGNAME) VALUES  (29,'693804378919623');
INSERT INTO NM.TAG (ID,TAGNAME) VALUES  (30,'153850970268961');
INSERT INTO NM.TAG (ID,TAGNAME) VALUES  (31,'572830425970885');
INSERT INTO NM.TAG (ID,TAGNAME) VALUES  (32,'780492691767143');
INSERT INTO NM.TAG (ID,TAGNAME) VALUES  (33,'583972715882288');
INSERT INTO NM.TAG (ID,TAGNAME) VALUES  (34,'252128437143878');
INSERT INTO NM.TAG (ID,TAGNAME) VALUES  (35,'322876587899446');
INSERT INTO NM.TAG (ID,TAGNAME) VALUES  (36,'377974852865899');
INSERT INTO NM.TAG (ID,TAGNAME) VALUES  (37,'277749878808621');
INSERT INTO NM.TAG (ID,TAGNAME) VALUES  (38,'089137912211187');
INSERT INTO NM.TAG (ID,TAGNAME) VALUES  (39,'637207594404104');
INSERT INTO NM.TAG (ID,TAGNAME) VALUES  (40,'974956444318840');
INSERT INTO NM.TAG (ID,TAGNAME) VALUES  (41,'139532007481593');
INSERT INTO NM.TAG (ID,TAGNAME) VALUES  (42,'762741659728554');
INSERT INTO NM.TAG (ID,TAGNAME) VALUES  (43,'727476406657356');
INSERT INTO NM.TAG (ID,TAGNAME) VALUES  (44,'150944555021752');
INSERT INTO NM.TAG (ID,TAGNAME) VALUES  (45,'431825154093599');
INSERT INTO NM.TAG (ID,TAGNAME) VALUES  (46,'725625238025817');
INSERT INTO NM.TAG (ID,TAGNAME) VALUES  (47,'705336076343096');
INSERT INTO NM.TAG (ID,TAGNAME) VALUES  (48,'818374069435505');
INSERT INTO NM.TAG (ID,TAGNAME) VALUES  (49,'315879263945626');
INSERT INTO NM.TAG (ID,TAGNAME) VALUES  (50,'574530468909799');
INSERT INTO NM.TAG (ID,TAGNAME) VALUES  (51,'396827426160511');
INSERT INTO NM.TAG (ID,TAGNAME) VALUES  (52,'088040614487853');
INSERT INTO NM.TAG (ID,TAGNAME) VALUES  (53,'926805636963942');
INSERT INTO NM.TAG (ID,TAGNAME) VALUES  (54,'180949099425304');
INSERT INTO NM.TAG (ID,TAGNAME) VALUES  (55,'344497193486561');
INSERT INTO NM.TAG (ID,TAGNAME) VALUES  (56,'130734783163028');
INSERT INTO NM.TAG (ID,TAGNAME) VALUES  (57,'969199840991109');
INSERT INTO NM.TAG (ID,TAGNAME) VALUES  (58,'526217378675977');
INSERT INTO NM.TAG (ID,TAGNAME) VALUES  (59,'443627985283458');
INSERT INTO NM.TAG (ID,TAGNAME) VALUES  (60,'386418867270768');
INSERT INTO NM.TAG (ID,TAGNAME) VALUES  (61,'452336321128901');
INSERT INTO NM.TAG (ID,TAGNAME) VALUES  (62,'822584591525426');
INSERT INTO NM.TAG (ID,TAGNAME) VALUES  (63,'020723023846824');
INSERT INTO NM.TAG (ID,TAGNAME) VALUES  (64,'601467084053390');
INSERT INTO NM.TAG (ID,TAGNAME) VALUES  (65,'866289849380145');
INSERT INTO NM.TAG (ID,TAGNAME) VALUES  (66,'309180717545223');
INSERT INTO NM.TAG (ID,TAGNAME) VALUES  (67,'397290386033045');
INSERT INTO NM.TAG (ID,TAGNAME) VALUES  (68,'399231155081873');
INSERT INTO NM.TAG (ID,TAGNAME) VALUES  (69,'929773846910693');
INSERT INTO NM.TAG (ID,TAGNAME) VALUES  (70,'931466186021792');
INSERT INTO NM.TAG (ID,TAGNAME) VALUES  (71,'664515794350622');
INSERT INTO NM.TAG (ID,TAGNAME) VALUES  (72,'783045724075261');
INSERT INTO NM.TAG (ID,TAGNAME) VALUES  (73,'355312585990233');
INSERT INTO NM.TAG (ID,TAGNAME) VALUES  (74,'701055564941840');
INSERT INTO NM.TAG (ID,TAGNAME) VALUES  (75,'806977740032154');
INSERT INTO NM.TAG (ID,TAGNAME) VALUES  (76,'661809017014355');
INSERT INTO NM.TAG (ID,TAGNAME) VALUES  (77,'914179904090557');
INSERT INTO NM.TAG (ID,TAGNAME) VALUES  (78,'659974250761785');
INSERT INTO NM.TAG (ID,TAGNAME) VALUES  (79,'172504718780185');
INSERT INTO NM.TAG (ID,TAGNAME) VALUES  (80,'324965892349246');
INSERT INTO NM.TAG (ID,TAGNAME) VALUES  (81,'699172449583878');
INSERT INTO NM.TAG (ID,TAGNAME) VALUES  (82,'883418877331383');
INSERT INTO NM.TAG (ID,TAGNAME) VALUES  (83,'251066861756285');
INSERT INTO NM.TAG (ID,TAGNAME) VALUES  (84,'121825840737808');
INSERT INTO NM.TAG (ID,TAGNAME) VALUES  (85,'582384324486500');
INSERT INTO NM.TAG (ID,TAGNAME) VALUES  (86,'462099039413182');
INSERT INTO NM.TAG (ID,TAGNAME) VALUES  (87,'318731105511921');
INSERT INTO NM.TAG (ID,TAGNAME) VALUES  (88,'754688853215766');
INSERT INTO NM.TAG (ID,TAGNAME) VALUES  (89,'505417186430952');
INSERT INTO NM.TAG (ID,TAGNAME) VALUES  (90,'379593739296945');
INSERT INTO NM.TAG (ID,TAGNAME) VALUES  (91,'384338789732390');
INSERT INTO NM.TAG (ID,TAGNAME) VALUES  (92,'729613401538861');
INSERT INTO NM.TAG (ID,TAGNAME) VALUES  (93,'779864053392002');
INSERT INTO NM.TAG (ID,TAGNAME) VALUES  (94,'866476646097931');
INSERT INTO NM.TAG (ID,TAGNAME) VALUES  (95,'903243313865044');
INSERT INTO NM.TAG (ID,TAGNAME) VALUES  (96,'242092829857287');
INSERT INTO NM.TAG (ID,TAGNAME) VALUES  (97,'710698330665598');
INSERT INTO NM.TAG (ID,TAGNAME) VALUES  (98,'870033334968821');
INSERT INTO NM.TAG (ID,TAGNAME) VALUES  (99,'154633571111388');
INSERT INTO NM.TAG (ID,TAGNAME) VALUES  (100,'040386539730871');
INSERT INTO NM.TAG (ID,TAGNAME) VALUES  (101,'563577582816144');
INSERT INTO NM.TAG (ID,TAGNAME) VALUES  (102,'645393718061605');
INSERT INTO NM.TAG (ID,TAGNAME) VALUES  (103,'209772422203719');
INSERT INTO NM.TAG (ID,TAGNAME) VALUES  (104,'832225100473406');
INSERT INTO NM.TAG (ID,TAGNAME) VALUES  (105,'478297715459360');
INSERT INTO NM.TAG (ID,TAGNAME) VALUES  (106,'764112282376337');
INSERT INTO NM.TAG (ID,TAGNAME) VALUES  (107,'462665593304322');
INSERT INTO NM.TAG (ID,TAGNAME) VALUES  (108,'760215767092330');
INSERT INTO NM.TAG (ID,TAGNAME) VALUES  (109,'613669624958365');
INSERT INTO NM.TAG (ID,TAGNAME) VALUES  (110,'219366890660233');
INSERT INTO NM.TAG (ID,TAGNAME) VALUES  (111,'108327737961800');
INSERT INTO NM.TAG (ID,TAGNAME) VALUES  (112,'230342817752842');
INSERT INTO NM.TAG (ID,TAGNAME) VALUES  (113,'741903877171868');
INSERT INTO NM.TAG (ID,TAGNAME) VALUES  (114,'768798169749686');
INSERT INTO NM.TAG (ID,TAGNAME) VALUES  (115,'143014367750014');
INSERT INTO NM.TAG (ID,TAGNAME) VALUES  (116,'771144015922860');
INSERT INTO NM.TAG (ID,TAGNAME) VALUES  (117,'101727552055739');
INSERT INTO NM.TAG (ID,TAGNAME) VALUES  (118,'120779064712533');
INSERT INTO NM.TAG (ID,TAGNAME) VALUES  (119,'872607001440604');
INSERT INTO NM.TAG (ID,TAGNAME) VALUES  (120,'871060435940443');
